[
    {
        "inputUrl": "https://www.instagram.com/borja.liste",
        "url": "https://www.instagram.com/p/C5Bzo2yt9yO/",
        "commentsCount": 5,
        "timestamp": "2024-03-27T18:45:24.000Z"
    },
    {
        "inputUrl": "https://www.instagram.com/borja.liste",
        "url": "https://www.instagram.com/p/C5Ok6E7Ns3j/",
        "commentsCount": 0,
        "timestamp": "2024-04-01T17:46:48.000Z"
    },
    {
        "inputUrl": "https://www.instagram.com/borja.liste",
        "url": "https://www.instagram.com/p/C4_QgiRtf79/",
        "commentsCount": 3,
        "timestamp": "2024-03-26T19:01:56.000Z"
    },
    {
        "inputUrl": "https://www.instagram.com/borja.liste",
        "url": "https://www.instagram.com/p/C5NyqTvtioC/",
        "commentsCount": 1,
        "timestamp": "2024-04-01T10:27:45.000Z"
    },
    {
        "inputUrl": "https://www.instagram.com/borja.liste",
        "url": "https://www.instagram.com/p/C4EIm_fMcpr/",
        "commentsCount": 0,
        "timestamp": "2024-03-03T19:55:44.000Z"
    },
    {
        "inputUrl": "https://www.instagram.com/borja.liste",
        "url": "https://www.instagram.com/p/C4tjYxCtDnz/",
        "commentsCount": 3,
        "timestamp": "2024-03-19T21:58:35.000Z"
    },
    {
        "inputUrl": "https://www.instagram.com/borja.liste",
        "url": "https://www.instagram.com/p/C5fnfE3tJkq/",
        "commentsCount": 9,
        "timestamp": "2024-04-08T08:47:25.000Z"
    },
    {
        "inputUrl": "https://www.instagram.com/borja.liste",
        "url": "https://www.instagram.com/p/C4fxF1yt46p/",
        "commentsCount": 10,
        "timestamp": "2024-03-14T13:34:43.000Z"
    },
    {
        "inputUrl": "https://www.instagram.com/borja.liste",
        "url": "https://www.instagram.com/p/C3hk6tAtPHN/",
        "commentsCount": 3,
        "timestamp": "2024-02-19T09:49:40.000Z"
    },
    {
        "inputUrl": "https://www.instagram.com/borja.liste",
        "url": "https://www.instagram.com/p/C3iQ0yYNFP3/",
        "commentsCount": 3,
        "timestamp": "2024-02-19T16:13:48.000Z"
    },
    {
        "inputUrl": "https://www.instagram.com/borja.liste",
        "url": "https://www.instagram.com/p/C4I_gQ5NAg8/",
        "commentsCount": 13,
        "timestamp": "2024-03-05T17:28:05.000Z"
    },
    {
        "inputUrl": "https://www.instagram.com/todomal.va",
        "url": "https://www.instagram.com/p/C35ywYcsHCv/",
        "commentsCount": 3,
        "timestamp": "2024-02-28T19:32:22.000Z"
    },
    {
        "inputUrl": "https://www.instagram.com/todomal.va",
        "url": "https://www.instagram.com/p/CyDuGQos0UE/",
        "commentsCount": 6,
        "timestamp": "2023-10-06T12:55:42.000Z"
    },
    {
        "inputUrl": "https://www.instagram.com/todomal.va",
        "url": "https://www.instagram.com/p/Cx3bYtpMyx1/",
        "commentsCount": 4,
        "timestamp": "2023-10-01T18:25:10.000Z"
    },
    {
        "inputUrl": "https://www.instagram.com/todomal.va",
        "url": "https://www.instagram.com/p/Cxd1huRsndB/",
        "commentsCount": 3,
        "timestamp": "2023-09-21T19:49:29.000Z"
    },
    {
        "inputUrl": "https://www.instagram.com/recunchomedico",
        "url": "https://www.instagram.com/p/C5UFbJJt29C/",
        "commentsCount": 17,
        "timestamp": "2024-04-03T21:13:57.000Z"
    },
    {
        "inputUrl": "https://www.instagram.com/olaxonmario",
        "url": "https://www.instagram.com/p/C4qhCpHseZx/",
        "commentsCount": 5,
        "timestamp": "2024-03-18T17:42:28.000Z"
    },
    {
        "inputUrl": "https://www.instagram.com/todomal.va",
        "url": "https://www.instagram.com/p/CxLJvI0MZIE/",
        "commentsCount": 4,
        "timestamp": "2023-09-14T13:43:04.000Z"
    },
    {
        "inputUrl": "https://www.instagram.com/recunchomedico",
        "url": "https://www.instagram.com/p/C5JwTkcNIOv/",
        "commentsCount": 5,
        "timestamp": "2024-03-30T20:50:12.000Z"
    },
    {
        "inputUrl": "https://www.instagram.com/olaxonmario",
        "url": "https://www.instagram.com/p/C3w0AfkMyr7/",
        "commentsCount": 6,
        "timestamp": "2024-02-25T07:52:23.000Z"
    },
    {
        "inputUrl": "https://www.instagram.com/olaxonmario",
        "url": "https://www.instagram.com/p/C4YqG71MT_e/",
        "commentsCount": 11,
        "timestamp": "2024-03-11T19:15:25.000Z"
    },
    {
        "inputUrl": "https://www.instagram.com/recunchomedico",
        "url": "https://www.instagram.com/p/C5Et_uOt3Yu/",
        "commentsCount": 7,
        "timestamp": "2024-03-28T21:55:03.000Z"
    },
    {
        "inputUrl": "https://www.instagram.com/recunchomedico",
        "url": "https://www.instagram.com/p/C5CU2MqNIsJ/",
        "commentsCount": 4,
        "timestamp": "2024-03-27T23:35:35.000Z"
    },
    {
        "inputUrl": "https://www.instagram.com/todomal.va",
        "url": "https://www.instagram.com/p/CxBW9TWs6WQ/",
        "commentsCount": 3,
        "timestamp": "2023-09-10T18:27:12.000Z"
    },
    {
        "inputUrl": "https://www.instagram.com/olaxonmario",
        "url": "https://www.instagram.com/p/C032CJiMpJW/",
        "commentsCount": 36,
        "timestamp": "2023-12-15T11:53:40.000Z"
    },
    {
        "inputUrl": "https://www.instagram.com/olaxonmario",
        "url": "https://www.instagram.com/p/C2NmmoSMTxr/",
        "commentsCount": 35,
        "timestamp": "2024-01-17T19:11:57.000Z"
    },
    {
        "inputUrl": "https://www.instagram.com/todomal.va",
        "url": "https://www.instagram.com/p/Cw5ESccsL1b/",
        "commentsCount": 4,
        "timestamp": "2023-09-07T13:09:41.000Z"
    },
    {
        "inputUrl": "https://www.instagram.com/todomal.va",
        "url": "https://www.instagram.com/p/Cw3DbO4scXC/",
        "commentsCount": 11,
        "timestamp": "2023-09-06T18:22:09.000Z"
    },
    {
        "inputUrl": "https://www.instagram.com/todomal.va",
        "url": "https://www.instagram.com/p/Cw8HrGAsjgg/",
        "commentsCount": 14,
        "timestamp": "2023-09-08T17:35:38.000Z"
    },
    {
        "inputUrl": "https://www.instagram.com/recunchomedico",
        "url": "https://www.instagram.com/p/C49JhkNtMpf/",
        "commentsCount": 1,
        "timestamp": "2024-03-25T23:20:26.000Z"
    },
    {
        "inputUrl": "https://www.instagram.com/recunchomedico",
        "url": "https://www.instagram.com/p/C4qw9AmNVz6/",
        "commentsCount": 5,
        "timestamp": "2024-03-18T20:01:16.000Z"
    },
    {
        "inputUrl": "https://www.instagram.com/olaxonmario",
        "url": "https://www.instagram.com/p/C1m1ufGMgbF/",
        "commentsCount": 4,
        "timestamp": "2024-01-02T17:51:17.000Z"
    },
    {
        "inputUrl": "https://www.instagram.com/todomal.va",
        "url": "https://www.instagram.com/p/Cw2k9grs2ID/",
        "commentsCount": 3,
        "timestamp": "2023-09-06T13:54:21.000Z"
    },
    {
        "inputUrl": "https://www.instagram.com/recunchomedico",
        "url": "https://www.instagram.com/p/C4G9D9nNyXe/",
        "commentsCount": 4,
        "timestamp": "2024-03-04T22:12:33.000Z"
    },
    {
        "inputUrl": "https://www.instagram.com/recunchomedico",
        "url": "https://www.instagram.com/p/C3nOcUKtXih/",
        "commentsCount": 0,
        "timestamp": "2024-02-21T14:28:55.000Z"
    },
    {
        "inputUrl": "https://www.instagram.com/recunchomedico",
        "url": "https://www.instagram.com/p/C32UxjKtK-I/",
        "commentsCount": 10,
        "timestamp": "2024-02-27T11:12:40.000Z"
    },
    {
        "inputUrl": "https://www.instagram.com/borja.liste",
        "url": "https://www.instagram.com/p/C4gTIcQtWbn/",
        "commentsCount": 5,
        "timestamp": "2024-03-14T18:26:25.000Z"
    },
    {
        "inputUrl": "https://www.instagram.com/olaxonmario",
        "url": "https://www.instagram.com/p/CztQCktM3Jn/",
        "commentsCount": 5,
        "timestamp": "2023-11-16T12:34:59.000Z"
    },
    {
        "inputUrl": "https://www.instagram.com/recunchomedico",
        "url": "https://www.instagram.com/p/C1c0NKnt1Y1/",
        "commentsCount": 9,
        "timestamp": "2023-12-29T20:24:16.000Z"
    },
    {
        "inputUrl": "https://www.instagram.com/recunchomedico",
        "url": "https://www.instagram.com/p/C3BQ7ikNi2F/",
        "commentsCount": 6,
        "timestamp": "2024-02-06T20:40:54.000Z"
    },
    {
        "inputUrl": "https://www.instagram.com/todomal.va",
        "url": "https://www.instagram.com/p/Cw-0n07MNTs/",
        "commentsCount": 10,
        "timestamp": "2023-09-09T18:47:29.000Z"
    },
    {
        "inputUrl": "https://www.instagram.com/recunchomedico",
        "url": "https://www.instagram.com/p/C2pnXHlt7Vx/",
        "commentsCount": 1,
        "timestamp": "2024-01-28T16:13:34.000Z"
    },
    {
        "inputUrl": "https://www.instagram.com/pingando.gal",
        "url": "https://www.instagram.com/p/C5nwyQ6tvup/",
        "commentsCount": 0,
        "timestamp": "2024-04-11T12:32:03.000Z"
    },
    {
        "inputUrl": "https://www.instagram.com/olaxonmario",
        "url": "https://www.instagram.com/p/C4kTnXAs-oh/",
        "commentsCount": 26,
        "timestamp": "2024-03-16T07:48:04.000Z"
    },
    {
        "inputUrl": "https://www.instagram.com/olaxonmario",
        "url": "https://www.instagram.com/p/C4vMJfzsBua/",
        "commentsCount": 13,
        "timestamp": "2024-03-20T13:17:46.000Z"
    },
    {
        "inputUrl": "https://www.instagram.com/vimanstyle",
        "url": "https://www.instagram.com/p/C5s5lkVt8rw/",
        "commentsCount": 59,
        "timestamp": "2024-04-13T12:27:54.000Z"
    },
    {
        "inputUrl": "https://www.instagram.com/pingando.gal",
        "url": "https://www.instagram.com/p/C5jRgq5Md-q/",
        "commentsCount": 0,
        "timestamp": "2024-04-09T18:41:22.000Z"
    },
    {
        "inputUrl": "https://www.instagram.com/pingando.gal",
        "url": "https://www.instagram.com/p/C5goKWgs9Cz/",
        "commentsCount": 4,
        "timestamp": "2024-04-08T18:01:34.000Z"
    },
    {
        "inputUrl": "https://www.instagram.com/olaxonmario",
        "url": "https://www.instagram.com/p/C4d6GiHM5wR/",
        "commentsCount": 24,
        "timestamp": "2024-03-13T20:09:13.000Z"
    },
    {
        "inputUrl": "https://www.instagram.com/pingando.gal",
        "url": "https://www.instagram.com/p/C5YTMoiNPE-/",
        "commentsCount": 0,
        "timestamp": "2024-04-05T12:24:49.000Z"
    },
    {
        "inputUrl": "https://www.instagram.com/vimanstyle",
        "url": "https://www.instagram.com/p/C5MAL66tEKa/",
        "commentsCount": 54,
        "timestamp": "2024-03-31T17:48:30.000Z"
    },
    {
        "inputUrl": "https://www.instagram.com/pingando.gal",
        "url": "https://www.instagram.com/p/C5Dzk9PJjpS/",
        "commentsCount": 1,
        "timestamp": "2024-03-28T13:23:34.000Z"
    },
    {
        "inputUrl": "https://www.instagram.com/vimanstyle",
        "url": "https://www.instagram.com/p/C5vflR9NtCu/",
        "commentsCount": 72,
        "timestamp": "2024-04-14T12:36:12.000Z"
    },
    {
        "inputUrl": "https://www.instagram.com/pingando.gal",
        "url": "https://www.instagram.com/p/C4fv_YEtnXm/",
        "commentsCount": 5,
        "timestamp": "2024-03-14T13:19:34.000Z"
    },
    {
        "inputUrl": "https://www.instagram.com/pingando.gal",
        "url": "https://www.instagram.com/p/C481BdcCHDD/",
        "commentsCount": 0,
        "timestamp": "2024-03-25T20:21:36.000Z"
    },
    {
        "inputUrl": "https://www.instagram.com/vimanstyle",
        "url": "https://www.instagram.com/p/C5az4wEtZKr/",
        "commentsCount": 107,
        "timestamp": "2024-04-06T11:50:11.000Z"
    },
    {
        "inputUrl": "https://www.instagram.com/vimanstyle",
        "url": "https://www.instagram.com/p/C5qMLFeti84/",
        "commentsCount": 43,
        "timestamp": "2024-04-12T11:10:04.000Z"
    },
    {
        "inputUrl": "https://www.instagram.com/pingando.gal",
        "url": "https://www.instagram.com/p/C48ppkOMoDw/",
        "commentsCount": 1,
        "timestamp": "2024-03-25T18:41:55.000Z"
    },
    {
        "inputUrl": "https://www.instagram.com/vimanstyle",
        "url": "https://www.instagram.com/p/C5oTDJctAXC/",
        "commentsCount": 72,
        "timestamp": "2024-04-11T17:47:04.000Z"
    },
    {
        "inputUrl": "https://www.instagram.com/pingando.gal",
        "url": "https://www.instagram.com/p/C4NuFPtM0C1/",
        "commentsCount": 0,
        "timestamp": "2024-03-07T13:16:33.000Z"
    },
    {
        "inputUrl": "https://www.instagram.com/pingando.gal",
        "url": "https://www.instagram.com/p/C4YxcSpJoQc/",
        "commentsCount": 0,
        "timestamp": "2024-03-11T20:17:34.000Z"
    },
    {
        "inputUrl": "https://www.instagram.com/vimanstyle",
        "url": "https://www.instagram.com/p/C5lK0jmtR5a/",
        "commentsCount": 66,
        "timestamp": "2024-04-10T12:22:00.000Z"
    },
    {
        "inputUrl": "https://www.instagram.com/borja.liste",
        "url": "https://www.instagram.com/p/C3VuNpZs0VR/",
        "commentsCount": 12,
        "timestamp": "2024-02-14T19:36:35.000Z"
    },
    {
        "inputUrl": "https://www.instagram.com/vimanstyle",
        "url": "https://www.instagram.com/p/C5WU1JFtnq9/",
        "commentsCount": 19,
        "timestamp": "2024-04-04T18:01:25.000Z"
    },
    {
        "inputUrl": "https://www.instagram.com/vimanstyle",
        "url": "https://www.instagram.com/p/C5gB5YNt1DL/",
        "commentsCount": 30,
        "timestamp": "2024-04-08T12:46:39.000Z"
    },
    {
        "inputUrl": "https://www.instagram.com/borja.liste",
        "url": "https://www.instagram.com/p/C1Avnm0NkKp/",
        "commentsCount": 14,
        "timestamp": "2023-12-18T22:45:28.000Z"
    },
    {
        "inputUrl": "https://www.instagram.com/borja.liste",
        "url": "https://www.instagram.com/p/CzY-bWEsQFL/",
        "commentsCount": 2,
        "timestamp": "2023-11-08T15:38:42.000Z"
    },
    {
        "inputUrl": "https://www.instagram.com/vimanstyle",
        "url": "https://www.instagram.com/p/C5inBm4t1eX/",
        "commentsCount": 104,
        "timestamp": "2024-04-09T12:31:10.000Z"
    },
    {
        "inputUrl": "https://www.instagram.com/vimanstyle",
        "url": "https://www.instagram.com/p/C5ddbR3NHE4/",
        "commentsCount": 47,
        "timestamp": "2024-04-07T12:30:48.000Z"
    },
    {
        "inputUrl": "https://www.instagram.com/borja.liste",
        "url": "https://www.instagram.com/p/C0cOXPMtxcu/",
        "commentsCount": 3,
        "timestamp": "2023-12-04T18:22:12.000Z"
    },
    {
        "inputUrl": "https://www.instagram.com/borja.liste",
        "url": "https://www.instagram.com/p/CzJaO8EIZqe/",
        "commentsCount": 7,
        "timestamp": "2023-11-02T14:28:58.000Z"
    },
    {
        "inputUrl": "https://www.instagram.com/borja.liste",
        "url": "https://www.instagram.com/p/CyQ8sW3INbK/",
        "commentsCount": 5,
        "timestamp": "2023-10-11T16:13:22.000Z"
    },
    {
        "inputUrl": "https://www.instagram.com/vimanstyle",
        "url": "https://www.instagram.com/p/C5YzcZHNeDQ/",
        "commentsCount": 30,
        "timestamp": "2024-04-05T17:10:36.000Z"
    },
    {
        "inputUrl": "https://www.instagram.com/borja.liste",
        "url": "https://www.instagram.com/p/Cyt08OgNyue/",
        "commentsCount": 3,
        "timestamp": "2023-10-22T21:23:36.000Z"
    },
    {
        "inputUrl": "https://www.instagram.com/olaxonmario",
        "url": "https://www.instagram.com/p/CygdC3BsJ7f/",
        "commentsCount": 8,
        "timestamp": "2023-10-17T16:46:25.000Z"
    },
    {
        "inputUrl": "https://www.instagram.com/olaxonmario",
        "url": "https://www.instagram.com/p/Cy015uzMWUA/",
        "commentsCount": 18,
        "timestamp": "2023-10-25T14:46:41.000Z"
    },
    {
        "inputUrl": "https://www.instagram.com/olaxonmario",
        "url": "https://www.instagram.com/p/Cygc729s7Vz/",
        "commentsCount": 3,
        "timestamp": "2023-10-17T16:43:43.000Z"
    },
    {
        "inputUrl": "https://www.instagram.com/olaxonmario",
        "url": "https://www.instagram.com/p/CxfhQjssWH-/",
        "commentsCount": 26,
        "timestamp": "2023-09-22T11:32:32.000Z"
    },
    {
        "inputUrl": "https://www.instagram.com/recunchomedico",
        "url": "https://www.instagram.com/p/Cyb24ZeNmLm/",
        "commentsCount": 8,
        "timestamp": "2023-10-15T21:54:14.000Z"
    },
    {
        "inputUrl": "https://www.instagram.com/recunchomedico",
        "url": "https://www.instagram.com/p/CyjeWWctBzT/",
        "commentsCount": 1,
        "timestamp": "2023-10-18T21:05:00.000Z"
    },
    {
        "inputUrl": "https://www.instagram.com/recunchomedico",
        "url": "https://www.instagram.com/p/C01g2Q5NgMT/",
        "commentsCount": 17,
        "timestamp": "2023-12-14T14:06:31.000Z"
    },
    {
        "inputUrl": "https://www.instagram.com/recunchomedico",
        "url": "https://www.instagram.com/p/CxyVH7rNBmw/",
        "commentsCount": 12,
        "timestamp": "2023-09-29T18:50:24.000Z"
    },
    {
        "inputUrl": "https://www.instagram.com/recunchomedico",
        "url": "https://www.instagram.com/p/CybyzomtnYB/",
        "commentsCount": 5,
        "timestamp": "2023-10-15T21:18:38.000Z"
    },
    {
        "inputUrl": "https://www.instagram.com/borja.liste",
        "url": "https://www.instagram.com/p/C2ABbEUNOgC/",
        "commentsCount": 8,
        "timestamp": "2024-01-12T12:33:11.000Z"
    },
    {
        "inputUrl": "https://www.instagram.com/recunchomedico",
        "url": "https://www.instagram.com/p/CxAvrlktiQ4/",
        "commentsCount": 5,
        "timestamp": "2023-09-10T12:40:26.000Z"
    },
    {
        "inputUrl": "https://www.instagram.com/borja.liste",
        "url": "https://www.instagram.com/p/C2FZRHANd_J/",
        "commentsCount": 23,
        "timestamp": "2024-01-14T15:26:55.000Z"
    },
    {
        "inputUrl": "https://www.instagram.com/recunchomedico",
        "url": "https://www.instagram.com/p/Cw3GVsgMfwb/",
        "commentsCount": 3,
        "timestamp": "2023-09-06T18:46:42.000Z"
    },
    {
        "inputUrl": "https://www.instagram.com/borja.liste",
        "url": "https://www.instagram.com/p/C0cLDlWNyf1/",
        "commentsCount": 0,
        "timestamp": "2023-12-04T17:53:18.000Z"
    },
    {
        "inputUrl": "https://www.instagram.com/borja.liste",
        "url": "https://www.instagram.com/p/CyMHe-FIZ9v/",
        "commentsCount": 17,
        "timestamp": "2023-10-09T19:11:27.000Z"
    },
    {
        "inputUrl": "https://www.instagram.com/borja.liste",
        "url": "https://www.instagram.com/p/C0cILRZNh35/",
        "commentsCount": 16,
        "timestamp": "2023-12-04T17:28:09.000Z"
    },
    {
        "inputUrl": "https://www.instagram.com/borja.liste",
        "url": "https://www.instagram.com/p/CyBidpro9Qh/",
        "commentsCount": 16,
        "timestamp": "2023-10-05T16:36:24.000Z"
    },
    {
        "inputUrl": "https://www.instagram.com/olaxonmario",
        "url": "https://www.instagram.com/p/Cyl1QmFMPWN/",
        "commentsCount": 2,
        "timestamp": "2023-10-19T18:52:28.000Z"
    },
    {
        "inputUrl": "https://www.instagram.com/recunchomedico",
        "url": "https://www.instagram.com/p/Cx2vaWxN634/",
        "commentsCount": 0,
        "timestamp": "2023-10-01T11:58:04.000Z"
    },
    {
        "inputUrl": "https://www.instagram.com/vimanstyle",
        "url": "https://www.instagram.com/p/C5JfGPUtMp5/",
        "commentsCount": 71,
        "timestamp": "2024-03-30T18:25:28.000Z"
    },
    {
        "inputUrl": "https://www.instagram.com/todomal.va",
        "url": "https://www.instagram.com/p/CxD-Enpsxn8/",
        "commentsCount": 1,
        "timestamp": "2023-09-11T18:46:18.000Z"
    },
    {
        "inputUrl": "https://www.instagram.com/vimanstyle",
        "url": "https://www.instagram.com/p/C5RHFuRIE0D/",
        "commentsCount": 37,
        "timestamp": "2024-04-02T17:40:43.000Z"
    },
    {
        "inputUrl": "https://www.instagram.com/vimanstyle",
        "url": "https://www.instagram.com/p/C5Dy4BENVwT/",
        "commentsCount": 11,
        "timestamp": "2024-03-28T13:17:35.000Z"
    },
    {
        "inputUrl": "https://www.instagram.com/vimanstyle",
        "url": "https://www.instagram.com/p/C5OldRYN-M5/",
        "commentsCount": 18,
        "timestamp": "2024-04-01T17:52:56.000Z"
    },
    {
        "inputUrl": "https://www.instagram.com/vimanstyle",
        "url": "https://www.instagram.com/p/C5GxSYXtuEW/",
        "commentsCount": 22,
        "timestamp": "2024-03-29T17:03:06.000Z"
    },
    {
        "inputUrl": "https://www.instagram.com/pingando.gal",
        "url": "https://www.instagram.com/p/C4F-H1CtR7S/",
        "commentsCount": 0,
        "timestamp": "2024-03-04T13:02:38.000Z"
    },
    {
        "inputUrl": "https://www.instagram.com/pingando.gal",
        "url": "https://www.instagram.com/p/C4Ay6Umsu38/",
        "commentsCount": 2,
        "timestamp": "2024-03-02T12:48:25.000Z"
    },
    {
        "inputUrl": "https://www.instagram.com/vimanstyle",
        "url": "https://www.instagram.com/p/C5BFYw9tPM0/",
        "commentsCount": 36,
        "timestamp": "2024-03-27T12:18:56.000Z"
    },
    {
        "inputUrl": "https://www.instagram.com/pingando.gal",
        "url": "https://www.instagram.com/p/C30o_2UNcXl/",
        "commentsCount": 9,
        "timestamp": "2024-02-26T19:30:57.000Z"
    },
    {
        "inputUrl": "https://www.instagram.com/vimanstyle",
        "url": "https://www.instagram.com/p/C48b6y1tWQy/",
        "commentsCount": 12,
        "timestamp": "2024-03-25T16:44:57.000Z"
    },
    {
        "inputUrl": "https://www.instagram.com/pingando.gal",
        "url": "https://www.instagram.com/p/C37q7w7N87N/",
        "commentsCount": 3,
        "timestamp": "2024-02-29T13:02:35.000Z"
    },
    {
        "inputUrl": "https://www.instagram.com/vimanstyle",
        "url": "https://www.instagram.com/p/C42xr7ctq0y/",
        "commentsCount": 10,
        "timestamp": "2024-03-23T11:58:14.000Z"
    },
    {
        "inputUrl": "https://www.instagram.com/pingando.gal",
        "url": "https://www.instagram.com/p/C3pqYs4Nrwv/",
        "commentsCount": 0,
        "timestamp": "2024-02-22T13:11:51.000Z"
    },
    {
        "inputUrl": "https://www.instagram.com/vimanstyle",
        "url": "https://www.instagram.com/p/C4-fiILthkP/",
        "commentsCount": 6,
        "timestamp": "2024-03-26T11:57:10.000Z"
    },
    {
        "inputUrl": "https://www.instagram.com/pingando.gal",
        "url": "https://www.instagram.com/p/C2iGfOGtA7j/",
        "commentsCount": 0,
        "timestamp": "2024-01-25T18:12:04.000Z"
    },
    {
        "inputUrl": "https://www.instagram.com/pingando.gal",
        "url": "https://www.instagram.com/p/C3FmVd8NIPB/",
        "commentsCount": 1,
        "timestamp": "2024-02-08T13:03:49.000Z"
    },
    {
        "inputUrl": "https://www.instagram.com/pingando.gal",
        "url": "https://www.instagram.com/p/C20QfYytUld/",
        "commentsCount": 0,
        "timestamp": "2024-02-01T19:25:34.000Z"
    },
    {
        "inputUrl": "https://www.instagram.com/vimanstyle",
        "url": "https://www.instagram.com/p/C40foMdNIlD/",
        "commentsCount": 8,
        "timestamp": "2024-03-22T14:47:26.000Z"
    },
    {
        "inputUrl": "https://www.instagram.com/olaxonmario",
        "url": "https://www.instagram.com/p/CylnOuDMDDP/",
        "commentsCount": 11,
        "timestamp": "2023-10-19T16:52:12.000Z"
    },
    {
        "inputUrl": "https://www.instagram.com/pingando.gal",
        "url": "https://www.instagram.com/p/C2akz9sLyV3/",
        "commentsCount": 2,
        "timestamp": "2024-01-22T20:02:44.000Z"
    },
    {
        "inputUrl": "https://www.instagram.com/recunchomedico",
        "url": "https://www.instagram.com/p/CybsimNNP_j/",
        "commentsCount": 11,
        "timestamp": "2023-10-15T20:23:52.000Z"
    },
    {
        "inputUrl": "https://www.instagram.com/recunchomedico",
        "url": "https://www.instagram.com/p/CxAhAIvtvWU/",
        "commentsCount": 1,
        "timestamp": "2023-09-10T10:32:10.000Z"
    },
    {
        "inputUrl": "https://www.instagram.com/pingando.gal",
        "url": "https://www.instagram.com/p/C2-nzxttoJA/",
        "commentsCount": 0,
        "timestamp": "2024-02-05T20:01:44.000Z"
    },
    {
        "inputUrl": "https://www.instagram.com/pingando.gal",
        "url": "https://www.instagram.com/p/C3XoXNYN5OJ/",
        "commentsCount": 2,
        "timestamp": "2024-02-15T13:07:49.000Z"
    },
    {
        "inputUrl": "https://www.instagram.com/pingando.gal",
        "url": "https://www.instagram.com/p/C217wwvsfYw/",
        "commentsCount": 1,
        "timestamp": "2024-02-02T11:02:43.000Z"
    },
    {
        "inputUrl": "https://www.instagram.com/vimanstyle",
        "url": "https://www.instagram.com/p/C45WXpMNjDm/",
        "commentsCount": 15,
        "timestamp": "2024-03-24T12:05:52.000Z"
    },
    {
        "inputUrl": "https://www.instagram.com/vimanstyle",
        "url": "https://www.instagram.com/p/C4sozmkt3VA/",
        "commentsCount": 29,
        "timestamp": "2024-03-19T13:37:42.000Z"
    },
    {
        "inputUrl": "https://www.instagram.com/vimanstyle",
        "url": "https://www.instagram.com/p/C4xyNqEtJdv/",
        "commentsCount": 35,
        "timestamp": "2024-03-21T13:26:52.000Z"
    },
    {
        "inputUrl": "https://www.instagram.com/vimanstyle",
        "url": "https://www.instagram.com/p/C4lOVU5NC_y/",
        "commentsCount": 40,
        "timestamp": "2024-03-16T16:32:24.000Z"
    },
    {
        "inputUrl": "https://www.instagram.com/vimanstyle",
        "url": "https://www.instagram.com/p/C4p9v3Tt1fU/",
        "commentsCount": 96,
        "timestamp": "2024-03-18T13:03:30.000Z"
    },
    {
        "inputUrl": "https://www.instagram.com/vimanstyle",
        "url": "https://www.instagram.com/p/C4iGSxDN-kb/",
        "commentsCount": 43,
        "timestamp": "2024-03-15T11:17:44.000Z"
    },
    {
        "inputUrl": "https://www.instagram.com/vimanstyle",
        "url": "https://www.instagram.com/p/C4VKhiANXl5/",
        "commentsCount": 18,
        "timestamp": "2024-03-10T10:43:47.000Z"
    },
    {
        "inputUrl": "https://www.instagram.com/vimanstyle",
        "url": "https://www.instagram.com/p/C4XyPk0tAqd/",
        "commentsCount": 14,
        "timestamp": "2024-03-11T11:06:09.000Z"
    },
    {
        "inputUrl": "https://www.instagram.com/recunchomedico",
        "url": "https://www.instagram.com/p/Cy1L2bFNWM5/",
        "commentsCount": 3,
        "timestamp": "2023-10-25T17:58:28.000Z"
    },
    {
        "inputUrl": "https://www.instagram.com/vimanstyle",
        "url": "https://www.instagram.com/p/C4no04jtClH/",
        "commentsCount": 21,
        "timestamp": "2024-03-17T15:03:53.000Z"
    },
    {
        "inputUrl": "https://www.instagram.com/vimanstyle",
        "url": "https://www.instagram.com/p/C4vH589Nkks/",
        "commentsCount": 18,
        "timestamp": "2024-03-20T12:49:57.000Z"
    },
    {
        "inputUrl": "https://www.instagram.com/vimanstyle",
        "url": "https://www.instagram.com/p/C4dBdh_Ntni/",
        "commentsCount": 17,
        "timestamp": "2024-03-13T11:56:52.000Z"
    },
    {
        "inputUrl": "https://www.instagram.com/vimanstyle",
        "url": "https://www.instagram.com/p/C4abjAotGFe/",
        "commentsCount": 21,
        "timestamp": "2024-03-12T11:44:54.000Z"
    },
    {
        "inputUrl": "https://www.instagram.com/borja.liste",
        "url": "https://www.instagram.com/p/C27Pa53NSRp/",
        "commentsCount": 11,
        "timestamp": "2024-02-04T12:30:41.000Z"
    },
    {
        "inputUrl": "https://www.instagram.com/vimanstyle",
        "url": "https://www.instagram.com/p/C4flfOrtTQH/",
        "commentsCount": 24,
        "timestamp": "2024-03-14T12:10:12.000Z"
    },
    {
        "inputUrl": "https://www.instagram.com/pingando.gal",
        "url": "https://www.instagram.com/p/C2QLEwfMhGw/",
        "commentsCount": 1,
        "timestamp": "2024-01-18T19:05:51.000Z"
    },
    {
        "inputUrl": "https://www.instagram.com/pingando.gal",
        "url": "https://www.instagram.com/p/C1-MbnptcYa/",
        "commentsCount": 2,
        "timestamp": "2024-01-11T19:30:57.000Z"
    },
    {
        "inputUrl": "https://www.instagram.com/pingando.gal",
        "url": "https://www.instagram.com/p/C17no0nxYOy/",
        "commentsCount": 0,
        "timestamp": "2024-01-10T19:30:58.000Z"
    },
    {
        "inputUrl": "https://www.instagram.com/pingando.gal",
        "url": "https://www.instagram.com/p/Cz_Rn3KsT1u/",
        "commentsCount": 3,
        "timestamp": "2023-11-23T12:34:46.000Z"
    },
    {
        "inputUrl": "https://www.instagram.com/pingando.gal",
        "url": "https://www.instagram.com/p/C0AGKpstGdO/",
        "commentsCount": 0,
        "timestamp": "2023-11-23T20:11:55.000Z"
    },
    {
        "inputUrl": "https://www.instagram.com/pingando.gal",
        "url": "https://www.instagram.com/p/C0zgM1Kty3Q/",
        "commentsCount": 5,
        "timestamp": "2023-12-13T19:21:09.000Z"
    },
    {
        "inputUrl": "https://www.instagram.com/pingando.gal",
        "url": "https://www.instagram.com/p/C0M6g9ysRhS/",
        "commentsCount": 0,
        "timestamp": "2023-11-28T19:40:54.000Z"
    },
    {
        "inputUrl": "https://www.instagram.com/pingando.gal",
        "url": "https://www.instagram.com/p/C0_l-_dtfB-/",
        "commentsCount": 2,
        "timestamp": "2023-12-18T12:02:22.000Z"
    },
    {
        "inputUrl": "https://www.instagram.com/pingando.gal",
        "url": "https://www.instagram.com/p/C0SGUYlNqhD/",
        "commentsCount": 1,
        "timestamp": "2023-11-30T19:59:48.000Z"
    },
    {
        "inputUrl": "https://www.instagram.com/vimanstyle",
        "url": "https://www.instagram.com/p/C5TwJ5CNBCl/",
        "commentsCount": 76,
        "timestamp": "2024-04-03T18:01:48.000Z"
    },
    {
        "inputUrl": "https://www.instagram.com/pingando.gal",
        "url": "https://www.instagram.com/p/C0bi3gwN_9I/",
        "commentsCount": 0,
        "timestamp": "2023-12-04T12:02:29.000Z"
    },
    {
        "inputUrl": "https://www.instagram.com/pingando.gal",
        "url": "https://www.instagram.com/p/C0kI7AgtRGg/",
        "commentsCount": 1,
        "timestamp": "2023-12-07T20:08:48.000Z"
    },
    {
        "inputUrl": "https://www.instagram.com/pingando.gal",
        "url": "https://www.instagram.com/p/C0Zw5pOMbEi/",
        "commentsCount": 8,
        "timestamp": "2023-12-03T19:26:47.000Z"
    },
    {
        "inputUrl": "https://www.instagram.com/pingando.gal",
        "url": "https://www.instagram.com/p/Cz3fs7VNT6i/",
        "commentsCount": 0,
        "timestamp": "2023-11-20T12:02:09.000Z"
    },
    {
        "inputUrl": "https://www.instagram.com/pingando.gal",
        "url": "https://www.instagram.com/p/Cy33-sRr8ja/",
        "commentsCount": 0,
        "timestamp": "2023-10-26T19:02:37.000Z"
    },
    {
        "inputUrl": "https://www.instagram.com/pingando.gal",
        "url": "https://www.instagram.com/p/CzlXuF7siAt/",
        "commentsCount": 10,
        "timestamp": "2023-11-13T11:05:44.000Z"
    },
    {
        "inputUrl": "https://www.instagram.com/pingando.gal",
        "url": "https://www.instagram.com/p/CztSD3MsuIF/",
        "commentsCount": 6,
        "timestamp": "2023-11-16T12:50:44.000Z"
    },
    {
        "inputUrl": "https://www.instagram.com/pingando.gal",
        "url": "https://www.instagram.com/p/CzbYqP9tKBt/",
        "commentsCount": 0,
        "timestamp": "2023-11-09T14:01:36.000Z"
    },
    {
        "inputUrl": "https://www.instagram.com/pingando.gal",
        "url": "https://www.instagram.com/p/CzTckMFNy_A/",
        "commentsCount": 1,
        "timestamp": "2023-11-06T12:02:04.000Z"
    },
    {
        "inputUrl": "https://www.instagram.com/pingando.gal",
        "url": "https://www.instagram.com/p/CzJ-dpOtGzG/",
        "commentsCount": 1,
        "timestamp": "2023-11-02T19:45:50.000Z"
    },
    {
        "inputUrl": "https://www.instagram.com/pingando.gal",
        "url": "https://www.instagram.com/p/CzQao6qsd5M/",
        "commentsCount": 7,
        "timestamp": "2023-11-05T07:47:30.000Z"
    },
    {
        "inputUrl": "https://www.instagram.com/pingando.gal",
        "url": "https://www.instagram.com/p/CydX2ZStjlY/",
        "commentsCount": 0,
        "timestamp": "2023-10-16T12:01:36.000Z"
    },
    {
        "inputUrl": "https://www.instagram.com/pingando.gal",
        "url": "https://www.instagram.com/p/CyvUelJtQXm/",
        "commentsCount": 0,
        "timestamp": "2023-10-23T11:18:33.000Z"
    },
    {
        "inputUrl": "https://www.instagram.com/pingando.gal",
        "url": "https://www.instagram.com/p/CzCQU2pNt4z/",
        "commentsCount": 0,
        "timestamp": "2023-10-30T19:47:46.000Z"
    },
    {
        "inputUrl": "https://www.instagram.com/pingando.gal",
        "url": "https://www.instagram.com/p/CyWYuH3tuhb/",
        "commentsCount": 0,
        "timestamp": "2023-10-13T18:54:47.000Z"
    },
    {
        "inputUrl": "https://www.instagram.com/pingando.gal",
        "url": "https://www.instagram.com/p/CxLy-eXRV_U/",
        "commentsCount": 2,
        "timestamp": "2023-09-14T19:40:55.000Z"
    },
    {
        "inputUrl": "https://www.instagram.com/pingando.gal",
        "url": "https://www.instagram.com/p/CyBuH3stVZt/",
        "commentsCount": 0,
        "timestamp": "2023-10-05T18:17:46.000Z"
    },
    {
        "inputUrl": "https://www.instagram.com/pingando.gal",
        "url": "https://www.instagram.com/p/Cw7on5ut_bO/",
        "commentsCount": 1,
        "timestamp": "2023-09-08T13:02:35.000Z"
    },
    {
        "inputUrl": "https://www.instagram.com/pingando.gal",
        "url": "https://www.instagram.com/p/Cw3EqSEL2Y1/",
        "commentsCount": 5,
        "timestamp": "2023-09-06T18:31:22.000Z"
    },
    {
        "inputUrl": "https://www.instagram.com/pingando.gal",
        "url": "https://www.instagram.com/p/CwyBH57sF0Z/",
        "commentsCount": 0,
        "timestamp": "2023-09-04T19:24:46.000Z"
    },
    {
        "inputUrl": "https://www.instagram.com/pingando.gal",
        "url": "https://www.instagram.com/p/CxdypVpN4Lf/",
        "commentsCount": 0,
        "timestamp": "2023-09-21T19:24:46.000Z"
    },
    {
        "inputUrl": "https://www.instagram.com/pingando.gal",
        "url": "https://www.instagram.com/p/CyLRBBlt70A/",
        "commentsCount": 2,
        "timestamp": "2023-10-09T11:15:50.000Z"
    },
    {
        "inputUrl": "https://www.instagram.com/pingando.gal",
        "url": "https://www.instagram.com/p/Cxn_juwp1eP/",
        "commentsCount": 2,
        "timestamp": "2023-09-25T18:29:47.000Z"
    },
    {
        "inputUrl": "https://www.instagram.com/pingando.gal",
        "url": "https://www.instagram.com/p/CxD9AAWN3bD/",
        "commentsCount": 0,
        "timestamp": "2023-09-11T18:34:48.000Z"
    },
    {
        "inputUrl": "https://www.instagram.com/pingando.gal",
        "url": "https://www.instagram.com/p/Cx5Uvb5tf-3/",
        "commentsCount": 0,
        "timestamp": "2023-10-02T12:02:03.000Z"
    },
    {
        "inputUrl": "https://www.instagram.com/pingando.gal",
        "url": "https://www.instagram.com/p/CxVRmWNPSC6/",
        "commentsCount": 2,
        "timestamp": "2023-09-18T12:01:59.000Z"
    },
    {
        "inputUrl": "https://www.instagram.com/vimanstyle",
        "url": "https://www.instagram.com/p/C4Ko3iLNQEt/",
        "commentsCount": 12,
        "timestamp": "2024-03-06T08:35:53.000Z"
    },
    {
        "inputUrl": "https://www.instagram.com/vimanstyle",
        "url": "https://www.instagram.com/p/C4QJTDONiZy/",
        "commentsCount": 17,
        "timestamp": "2024-03-08T11:54:17.000Z"
    },
    {
        "inputUrl": "https://www.instagram.com/vimanstyle",
        "url": "https://www.instagram.com/p/C4AwaQztsDp/",
        "commentsCount": 15,
        "timestamp": "2024-03-02T12:27:22.000Z"
    },
    {
        "inputUrl": "https://www.instagram.com/vimanstyle",
        "url": "https://www.instagram.com/p/C4Nd-hAtTZ3/",
        "commentsCount": 24,
        "timestamp": "2024-03-07T11:04:45.000Z"
    },
    {
        "inputUrl": "https://www.instagram.com/vimanstyle",
        "url": "https://www.instagram.com/p/C4DOxfFNn8m/",
        "commentsCount": 14,
        "timestamp": "2024-03-03T11:49:01.000Z"
    },
    {
        "inputUrl": "https://www.instagram.com/vimanstyle",
        "url": "https://www.instagram.com/p/C4ISt-CNms4/",
        "commentsCount": 8,
        "timestamp": "2024-03-05T10:41:36.000Z"
    },
    {
        "inputUrl": "https://www.instagram.com/vimanstyle",
        "url": "https://www.instagram.com/p/C32YglwtzTQ/",
        "commentsCount": 10,
        "timestamp": "2024-02-27T11:47:56.000Z"
    },
    {
        "inputUrl": "https://www.instagram.com/vimanstyle",
        "url": "https://www.instagram.com/p/C35AMGqN_oO/",
        "commentsCount": 14,
        "timestamp": "2024-02-28T12:10:40.000Z"
    },
    {
        "inputUrl": "https://www.instagram.com/vimanstyle",
        "url": "https://www.instagram.com/p/C4SnBf1IkX7/",
        "commentsCount": 30,
        "timestamp": "2024-03-09T10:51:15.000Z"
    },
    {
        "inputUrl": "https://www.instagram.com/vimanstyle",
        "url": "https://www.instagram.com/p/C396-wrNpHq/",
        "commentsCount": 16,
        "timestamp": "2024-03-01T10:02:38.000Z"
    },
    {
        "inputUrl": "https://www.instagram.com/vimanstyle",
        "url": "https://www.instagram.com/p/C4Fs6betg7k/",
        "commentsCount": 9,
        "timestamp": "2024-03-04T10:39:34.000Z"
    },
    {
        "inputUrl": "https://www.instagram.com/vimanstyle",
        "url": "https://www.instagram.com/p/C37Ur1ENBtb/",
        "commentsCount": 16,
        "timestamp": "2024-02-29T09:50:23.000Z"
    },
    {
        "inputUrl": "https://www.instagram.com/pingando.gal",
        "url": "https://www.instagram.com/p/Cyl3BNHxsMG/",
        "commentsCount": 0,
        "timestamp": "2023-10-19T19:07:52.000Z"
    },
    {
        "inputUrl": "https://www.instagram.com/vimanstyle",
        "url": "https://www.instagram.com/p/C3z92J4NYaq/",
        "commentsCount": 19,
        "timestamp": "2024-02-26T13:38:09.000Z"
    },
    {
        "inputUrl": "https://www.instagram.com/vimanstyle",
        "url": "https://www.instagram.com/p/C3xunusNYwb/",
        "commentsCount": 35,
        "timestamp": "2024-02-25T16:24:25.000Z"
    }
]