[
    {
        "inputUrl": "https://www.instagram.com/fatima_pego",
        "url": "https://www.instagram.com/p/C2vPysINuDS/",
        "commentsCount": 145,
        "timestamp": "2024-01-30T20:47:38.000Z"
    },
    {
        "inputUrl": "https://www.instagram.com/fatima_pego",
        "url": "https://www.instagram.com/p/C5tjn--tw23/",
        "commentsCount": 322,
        "timestamp": "2024-04-13T18:32:03.000Z"
    },
    {
        "inputUrl": "https://www.instagram.com/fatima_pego",
        "url": "https://www.instagram.com/p/C5bnKLyNVTS/",
        "commentsCount": 152,
        "timestamp": "2024-04-06T19:16:36.000Z"
    },
    {
        "inputUrl": "https://www.instagram.com/fatima_pego",
        "url": "https://www.instagram.com/p/C5ogtdbtUWx/",
        "commentsCount": 137,
        "timestamp": "2024-04-11T19:31:34.000Z"
    },
    {
        "inputUrl": "https://www.instagram.com/fatima_pego",
        "url": "https://www.instagram.com/p/C5l8Ty6tcCt/",
        "commentsCount": 56,
        "timestamp": "2024-04-10T19:34:37.000Z"
    },
    {
        "inputUrl": "https://www.instagram.com/fatima_pego",
        "url": "https://www.instagram.com/p/C5g4RbetgRm/",
        "commentsCount": 106,
        "timestamp": "2024-04-08T20:23:10.000Z"
    },
    {
        "inputUrl": "https://www.instagram.com/fatima_pego",
        "url": "https://www.instagram.com/p/C5bik1Mt9Bn/",
        "commentsCount": 0,
        "timestamp": "2024-04-06T18:36:33.000Z"
    },
    {
        "inputUrl": "https://www.instagram.com/fatima_pego",
        "url": "https://www.instagram.com/p/C5Y6JN2NH-P/",
        "commentsCount": 187,
        "timestamp": "2024-04-05T18:04:47.000Z"
    },
    {
        "inputUrl": "https://www.instagram.com/pau_jh",
        "url": "https://www.instagram.com/p/C5wExmkNXWX/",
        "commentsCount": 2,
        "timestamp": "2024-04-14T18:00:00.000Z"
    },
    {
        "inputUrl": "https://www.instagram.com/pau_jh",
        "url": "https://www.instagram.com/p/C4yfhHJLEIl/",
        "commentsCount": 11,
        "timestamp": "2024-03-21T20:00:00.000Z"
    },
    {
        "inputUrl": "https://www.instagram.com/pau_jh",
        "url": "https://www.instagram.com/p/C5blXqyNmii/",
        "commentsCount": 2,
        "timestamp": "2024-04-06T19:00:00.000Z"
    },
    {
        "inputUrl": "https://www.instagram.com/pau_jh",
        "url": "https://www.instagram.com/p/C45dwmMNZfv/",
        "commentsCount": 3,
        "timestamp": "2024-03-24T12:00:00.000Z"
    },
    {
        "inputUrl": "https://www.instagram.com/pau_jh",
        "url": "https://www.instagram.com/p/C5T2-fbtPr5/",
        "commentsCount": 2,
        "timestamp": "2024-04-03T19:00:00.000Z"
    },
    {
        "inputUrl": "https://www.instagram.com/pau_jh",
        "url": "https://www.instagram.com/p/C4idtT1tVyQ/",
        "commentsCount": 19,
        "timestamp": "2024-03-15T14:45:02.000Z"
    },
    {
        "inputUrl": "https://www.instagram.com/pau_jh",
        "url": "https://www.instagram.com/p/C3V2-fZrWRV/",
        "commentsCount": 5,
        "timestamp": "2024-02-14T20:38:54.000Z"
    },
    {
        "inputUrl": "https://www.instagram.com/pau_jh",
        "url": "https://www.instagram.com/p/C4d5Gp7NwNU/",
        "commentsCount": 0,
        "timestamp": "2024-03-13T20:00:00.000Z"
    },
    {
        "inputUrl": "https://www.instagram.com/maria_fontan",
        "url": "https://www.instagram.com/p/C5gt0Hwt26l/",
        "commentsCount": 0,
        "timestamp": "2024-04-08T18:50:58.000Z"
    },
    {
        "inputUrl": "https://www.instagram.com/maria_fontan",
        "url": "https://www.instagram.com/p/Cz1vhpRMi1w/",
        "commentsCount": 1,
        "timestamp": "2023-11-19T19:46:11.000Z"
    },
    {
        "inputUrl": "https://www.instagram.com/pau_jh",
        "url": "https://www.instagram.com/p/C2lK12GtALo/",
        "commentsCount": 4,
        "timestamp": "2024-01-26T23:00:36.000Z"
    },
    {
        "inputUrl": "https://www.instagram.com/pau_jh",
        "url": "https://www.instagram.com/p/C1nGw5DrHRw/",
        "commentsCount": 0,
        "timestamp": "2024-01-02T20:23:09.000Z"
    },
    {
        "inputUrl": "https://www.instagram.com/pau_jh",
        "url": "https://www.instagram.com/p/C2Dbj5yra8R/",
        "commentsCount": 4,
        "timestamp": "2024-01-13T20:19:18.000Z"
    },
    {
        "inputUrl": "https://www.instagram.com/maria.maronho",
        "url": "https://www.instagram.com/p/C5wMa2hsukW/",
        "commentsCount": 9,
        "timestamp": "2024-04-14T19:07:00.000Z"
    },
    {
        "inputUrl": "https://www.instagram.com/maria.maronho",
        "url": "https://www.instagram.com/p/C5qoUb6MZNV/",
        "commentsCount": 64,
        "timestamp": "2024-04-12T15:15:21.000Z"
    },
    {
        "inputUrl": "https://www.instagram.com/maria.maronho",
        "url": "https://www.instagram.com/p/C5WlST8M4ea/",
        "commentsCount": 2,
        "timestamp": "2024-04-04T20:24:02.000Z"
    },
    {
        "inputUrl": "https://www.instagram.com/maria.maronho",
        "url": "https://www.instagram.com/p/C5LlCqCMsQd/",
        "commentsCount": 0,
        "timestamp": "2024-03-31T13:50:15.000Z"
    },
    {
        "inputUrl": "https://www.instagram.com/maria.maronho",
        "url": "https://www.instagram.com/p/C5AzwNdsp40/",
        "commentsCount": 7,
        "timestamp": "2024-03-27T09:27:10.000Z"
    },
    {
        "inputUrl": "https://www.instagram.com/maria.maronho",
        "url": "https://www.instagram.com/p/C45aVYHshKh/",
        "commentsCount": 4,
        "timestamp": "2024-03-24T12:34:59.000Z"
    },
    {
        "inputUrl": "https://www.instagram.com/maria.maronho",
        "url": "https://www.instagram.com/p/C43EZ1PshaC/",
        "commentsCount": 23,
        "timestamp": "2024-03-23T14:40:15.000Z"
    },
    {
        "inputUrl": "https://www.instagram.com/maria.maronho",
        "url": "https://www.instagram.com/p/C4lrM6AMJUm/",
        "commentsCount": 6,
        "timestamp": "2024-03-16T20:32:57.000Z"
    },
    {
        "inputUrl": "https://www.instagram.com/maria.maronho",
        "url": "https://www.instagram.com/p/C41Uc1_M0Oe/",
        "commentsCount": 3,
        "timestamp": "2024-03-22T22:21:59.000Z"
    },
    {
        "inputUrl": "https://www.instagram.com/maria.maronho",
        "url": "https://www.instagram.com/p/C46Wn18sBxi/",
        "commentsCount": 2,
        "timestamp": "2024-03-24T21:17:10.000Z"
    },
    {
        "inputUrl": "https://www.instagram.com/maria.maronho",
        "url": "https://www.instagram.com/p/C4eALAyMHWe/",
        "commentsCount": 6,
        "timestamp": "2024-03-13T21:02:16.000Z"
    },
    {
        "inputUrl": "https://www.instagram.com/fatima_pego",
        "url": "https://www.instagram.com/p/C5wQMzLNvty/",
        "commentsCount": 123,
        "timestamp": "2024-04-14T19:40:02.000Z"
    },
    {
        "inputUrl": "https://www.instagram.com/maria_fontan",
        "url": "https://www.instagram.com/p/Cyb16gpMhVa/",
        "commentsCount": 9,
        "timestamp": "2023-10-15T21:54:30.000Z"
    },
    {
        "inputUrl": "https://www.instagram.com/fatima_pego",
        "url": "https://www.instagram.com/p/C5V36ZCNCqh/",
        "commentsCount": 0,
        "timestamp": "2024-04-04T13:47:33.000Z"
    },
    {
        "inputUrl": "https://www.instagram.com/fatima_pego",
        "url": "https://www.instagram.com/p/C5RPDOgtpIA/",
        "commentsCount": 112,
        "timestamp": "2024-04-02T18:36:51.000Z"
    },
    {
        "inputUrl": "https://www.instagram.com/fatima_pego",
        "url": "https://www.instagram.com/p/C5EO9zotprz/",
        "commentsCount": 198,
        "timestamp": "2024-03-28T17:22:40.000Z"
    },
    {
        "inputUrl": "https://www.instagram.com/fatima_pego",
        "url": "https://www.instagram.com/p/C5CTJDMNGjP/",
        "commentsCount": 33,
        "timestamp": "2024-03-27T23:21:24.000Z"
    },
    {
        "inputUrl": "https://www.instagram.com/fatima_pego",
        "url": "https://www.instagram.com/p/C5BKDHHtijm/",
        "commentsCount": 45,
        "timestamp": "2024-03-27T12:47:25.000Z"
    },
    {
        "inputUrl": "https://www.instagram.com/fatima_pego",
        "url": "https://www.instagram.com/p/C4_tIZxt6Xu/",
        "commentsCount": 0,
        "timestamp": "2024-03-26T23:10:03.000Z"
    },
    {
        "inputUrl": "https://www.instagram.com/fatima_pego",
        "url": "https://www.instagram.com/p/C41X1VKNBfm/",
        "commentsCount": 80,
        "timestamp": "2024-03-22T23:06:00.000Z"
    },
    {
        "inputUrl": "https://www.instagram.com/fatima_pego",
        "url": "https://www.instagram.com/p/C5eICbatCun/",
        "commentsCount": 127,
        "timestamp": "2024-04-07T18:43:58.000Z"
    },
    {
        "inputUrl": "https://www.instagram.com/pau_jh",
        "url": "https://www.instagram.com/p/C1kWqnXLjGQ/",
        "commentsCount": 1,
        "timestamp": "2024-01-01T18:59:48.000Z"
    },
    {
        "inputUrl": "https://www.instagram.com/pau_jh",
        "url": "https://www.instagram.com/p/C1kf65_LFvO/",
        "commentsCount": 3,
        "timestamp": "2024-01-01T20:00:00.000Z"
    },
    {
        "inputUrl": "https://www.instagram.com/pau_jh",
        "url": "https://www.instagram.com/p/C1fWUe8r9Vi/",
        "commentsCount": 1,
        "timestamp": "2023-12-30T20:00:00.000Z"
    },
    {
        "inputUrl": "https://www.instagram.com/pau_jh",
        "url": "https://www.instagram.com/p/C1SfKB6LyaA/",
        "commentsCount": 3,
        "timestamp": "2023-12-25T20:12:46.000Z"
    },
    {
        "inputUrl": "https://www.instagram.com/pau_jh",
        "url": "https://www.instagram.com/p/C1NhGs6LoFe/",
        "commentsCount": 12,
        "timestamp": "2023-12-23T21:48:46.000Z"
    },
    {
        "inputUrl": "https://www.instagram.com/pau_jh",
        "url": "https://www.instagram.com/p/C0XQEgeNeT_/",
        "commentsCount": 4,
        "timestamp": "2023-12-02T20:00:00.000Z"
    },
    {
        "inputUrl": "https://www.instagram.com/pau_jh",
        "url": "https://www.instagram.com/p/C1PfNRkNwl6/",
        "commentsCount": 13,
        "timestamp": "2023-12-24T16:14:36.000Z"
    },
    {
        "inputUrl": "https://www.instagram.com/pau_jh",
        "url": "https://www.instagram.com/p/C0HzRzGNXcy/",
        "commentsCount": 1,
        "timestamp": "2023-11-26T20:00:00.000Z"
    },
    {
        "inputUrl": "https://www.instagram.com/pau_jh",
        "url": "https://www.instagram.com/p/C0KcKdSL5kN/",
        "commentsCount": 3,
        "timestamp": "2023-11-27T20:36:28.000Z"
    },
    {
        "inputUrl": "https://www.instagram.com/pau_jh",
        "url": "https://www.instagram.com/p/C09_8LxrF8n/",
        "commentsCount": 3,
        "timestamp": "2023-12-17T21:14:56.000Z"
    },
    {
        "inputUrl": "https://www.instagram.com/pau_jh",
        "url": "https://www.instagram.com/p/C0AE0zMta1X/",
        "commentsCount": 4,
        "timestamp": "2023-11-23T20:00:00.000Z"
    },
    {
        "inputUrl": "https://www.instagram.com/fatima_pego",
        "url": "https://www.instagram.com/p/C43m790tC6u/",
        "commentsCount": 237,
        "timestamp": "2024-03-23T19:42:12.000Z"
    },
    {
        "inputUrl": "https://www.instagram.com/fatima_pego",
        "url": "https://www.instagram.com/p/C5Wkp6TNuul/",
        "commentsCount": 67,
        "timestamp": "2024-04-04T20:21:13.000Z"
    },
    {
        "inputUrl": "https://www.instagram.com/fatima_pego",
        "url": "https://www.instagram.com/p/C5UE9zTtBtm/",
        "commentsCount": 80,
        "timestamp": "2024-04-03T21:10:49.000Z"
    },
    {
        "inputUrl": "https://www.instagram.com/fatima_pego",
        "url": "https://www.instagram.com/p/C4wFe4Wt37t/",
        "commentsCount": 186,
        "timestamp": "2024-03-20T21:35:00.000Z"
    },
    {
        "inputUrl": "https://www.instagram.com/fatima_pego",
        "url": "https://www.instagram.com/p/C4tmj_nt6kU/",
        "commentsCount": 106,
        "timestamp": "2024-03-19T22:26:44.000Z"
    },
    {
        "inputUrl": "https://www.instagram.com/fatima_pego",
        "url": "https://www.instagram.com/p/C4fwWLRN1iC/",
        "commentsCount": 0,
        "timestamp": "2024-03-14T13:22:27.000Z"
    },
    {
        "inputUrl": "https://www.instagram.com/fatima_pego",
        "url": "https://www.instagram.com/p/C4oO35wNQ_G/",
        "commentsCount": 107,
        "timestamp": "2024-03-17T20:32:28.000Z"
    },
    {
        "inputUrl": "https://www.instagram.com/maria.maronho",
        "url": "https://www.instagram.com/p/C3VXiA2NRui/",
        "commentsCount": 2,
        "timestamp": "2024-02-14T16:01:49.000Z"
    },
    {
        "inputUrl": "https://www.instagram.com/maria.maronho",
        "url": "https://www.instagram.com/p/C4LfqPdMnUN/",
        "commentsCount": 0,
        "timestamp": "2024-03-06T16:31:50.000Z"
    },
    {
        "inputUrl": "https://www.instagram.com/maria.maronho",
        "url": "https://www.instagram.com/p/C4HEOi9t8sW/",
        "commentsCount": 2,
        "timestamp": "2024-03-04T23:16:29.000Z"
    },
    {
        "inputUrl": "https://www.instagram.com/fatima_pego",
        "url": "https://www.instagram.com/p/C4GpUJ2NZ2J/",
        "commentsCount": 920,
        "timestamp": "2024-03-04T19:20:30.000Z"
    },
    {
        "inputUrl": "https://www.instagram.com/maria.maronho",
        "url": "https://www.instagram.com/p/C3QnRXUsURU/",
        "commentsCount": 4,
        "timestamp": "2024-02-12T19:43:09.000Z"
    },
    {
        "inputUrl": "https://www.instagram.com/maria.maronho",
        "url": "https://www.instagram.com/p/C24nujisA2x/",
        "commentsCount": 17,
        "timestamp": "2024-02-03T12:05:22.000Z"
    },
    {
        "inputUrl": "https://www.instagram.com/fatima_pego",
        "url": "https://www.instagram.com/p/C4L8GvxN7PW/",
        "commentsCount": 460,
        "timestamp": "2024-03-06T20:40:56.000Z"
    },
    {
        "inputUrl": "https://www.instagram.com/fatima_pego",
        "url": "https://www.instagram.com/p/C4bjbP_NqRi/",
        "commentsCount": 106,
        "timestamp": "2024-03-12T22:14:24.000Z"
    },
    {
        "inputUrl": "https://www.instagram.com/fatima_pego",
        "url": "https://www.instagram.com/p/C4TzHdZtG7M/",
        "commentsCount": 103,
        "timestamp": "2024-03-09T21:57:43.000Z"
    },
    {
        "inputUrl": "https://www.instagram.com/maria.maronho",
        "url": "https://www.instagram.com/p/C1w3Wp_Nndy/",
        "commentsCount": 0,
        "timestamp": "2024-01-06T15:16:36.000Z"
    },
    {
        "inputUrl": "https://www.instagram.com/fatima_pego",
        "url": "https://www.instagram.com/p/C4RGkkxtgdT/",
        "commentsCount": 22,
        "timestamp": "2024-03-08T20:48:03.000Z"
    },
    {
        "inputUrl": "https://www.instagram.com/maria.maronho",
        "url": "https://www.instagram.com/p/C2X_Yj1NmYH/",
        "commentsCount": 11,
        "timestamp": "2024-01-21T19:57:08.000Z"
    },
    {
        "inputUrl": "https://www.instagram.com/maria.maronho",
        "url": "https://www.instagram.com/p/C1hn0KOt0cw/",
        "commentsCount": 7,
        "timestamp": "2023-12-31T17:12:12.000Z"
    },
    {
        "inputUrl": "https://www.instagram.com/maria.maronho",
        "url": "https://www.instagram.com/p/C2ktZjxty7e/",
        "commentsCount": 3,
        "timestamp": "2024-01-26T18:30:07.000Z"
    },
    {
        "inputUrl": "https://www.instagram.com/maria.maronho",
        "url": "https://www.instagram.com/p/C4SZVSwsoKy/",
        "commentsCount": 8,
        "timestamp": "2024-03-09T08:51:14.000Z"
    },
    {
        "inputUrl": "https://www.instagram.com/lucia.regueiro",
        "url": "https://www.instagram.com/p/C4EBVtONN2j/",
        "commentsCount": 65,
        "timestamp": "2024-03-03T18:52:12.000Z"
    },
    {
        "inputUrl": "https://www.instagram.com/lucia.regueiro",
        "url": "https://www.instagram.com/p/C5BlwcJtRr-/",
        "commentsCount": 17,
        "timestamp": "2024-03-27T16:44:06.000Z"
    },
    {
        "inputUrl": "https://www.instagram.com/lucia.regueiro",
        "url": "https://www.instagram.com/p/C2nRvsWNSTp/",
        "commentsCount": 31,
        "timestamp": "2024-01-27T18:26:12.000Z"
    },
    {
        "inputUrl": "https://www.instagram.com/lucia.regueiro",
        "url": "https://www.instagram.com/p/Cz3GJC7I-kh/",
        "commentsCount": 5,
        "timestamp": "2023-11-20T08:18:28.000Z"
    },
    {
        "inputUrl": "https://www.instagram.com/lucia.regueiro",
        "url": "https://www.instagram.com/p/Cz9t5JmtYUZ/",
        "commentsCount": 21,
        "timestamp": "2023-11-22T22:01:16.000Z"
    },
    {
        "inputUrl": "https://www.instagram.com/lucia.regueiro",
        "url": "https://www.instagram.com/p/Czgdn3DoOHY/",
        "commentsCount": 46,
        "timestamp": "2023-11-11T13:21:07.000Z"
    },
    {
        "inputUrl": "https://www.instagram.com/lucia.regueiro",
        "url": "https://www.instagram.com/p/CzzDu1toOmc/",
        "commentsCount": 23,
        "timestamp": "2023-11-18T18:40:27.000Z"
    },
    {
        "inputUrl": "https://www.instagram.com/lucia.regueiro",
        "url": "https://www.instagram.com/p/C0Watjvt0r4/",
        "commentsCount": 39,
        "timestamp": "2023-12-02T12:14:40.000Z"
    },
    {
        "inputUrl": "https://www.instagram.com/lucia.regueiro",
        "url": "https://www.instagram.com/p/C07T9VWNJAL/",
        "commentsCount": 40,
        "timestamp": "2023-12-16T20:07:33.000Z"
    },
    {
        "inputUrl": "https://www.instagram.com/fatima_pego",
        "url": "https://www.instagram.com/p/C4jHMxNtA_o/",
        "commentsCount": 190,
        "timestamp": "2024-03-15T20:39:52.000Z"
    },
    {
        "inputUrl": "https://www.instagram.com/pau_jh",
        "url": "https://www.instagram.com/p/Cy9SoJRLN0T/",
        "commentsCount": 6,
        "timestamp": "2023-10-28T21:31:37.000Z"
    },
    {
        "inputUrl": "https://www.instagram.com/fatima_pego",
        "url": "https://www.instagram.com/p/C4dVFTNt86H/",
        "commentsCount": 161,
        "timestamp": "2024-03-13T14:45:44.000Z"
    },
    {
        "inputUrl": "https://www.instagram.com/pau_jh",
        "url": "https://www.instagram.com/p/CxiSmzDtCU8/",
        "commentsCount": 17,
        "timestamp": "2023-09-23T13:20:33.000Z"
    },
    {
        "inputUrl": "https://www.instagram.com/pau_jh",
        "url": "https://www.instagram.com/p/Cxld_rvLI1Z/",
        "commentsCount": 14,
        "timestamp": "2023-09-24T18:57:47.000Z"
    },
    {
        "inputUrl": "https://www.instagram.com/pau_jh",
        "url": "https://www.instagram.com/p/CyJhekdtNWZ/",
        "commentsCount": 5,
        "timestamp": "2023-10-08T19:00:00.000Z"
    },
    {
        "inputUrl": "https://www.instagram.com/pau_jh",
        "url": "https://www.instagram.com/p/Cx0891LLjkZ/",
        "commentsCount": 0,
        "timestamp": "2023-09-30T19:19:06.000Z"
    },
    {
        "inputUrl": "https://www.instagram.com/fatima_pego",
        "url": "https://www.instagram.com/p/C4gkwi0Nqgp/",
        "commentsCount": 194,
        "timestamp": "2024-03-14T21:01:24.000Z"
    },
    {
        "inputUrl": "https://www.instagram.com/lucia.regueiro",
        "url": "https://www.instagram.com/p/C0ElulGIeAD/",
        "commentsCount": 27,
        "timestamp": "2023-11-25T14:04:36.000Z"
    },
    {
        "inputUrl": "https://www.instagram.com/pau_jh",
        "url": "https://www.instagram.com/p/CxTHdCwNJ6B/",
        "commentsCount": 4,
        "timestamp": "2023-09-17T15:54:42.000Z"
    },
    {
        "inputUrl": "https://www.instagram.com/pau_jh",
        "url": "https://www.instagram.com/p/CxQ5Is6r_n2/",
        "commentsCount": 12,
        "timestamp": "2023-09-16T19:10:54.000Z"
    },
    {
        "inputUrl": "https://www.instagram.com/fatima_pego",
        "url": "https://www.instagram.com/p/C4WO-5cN9SD/",
        "commentsCount": 75,
        "timestamp": "2024-03-10T20:40:11.000Z"
    },
    {
        "inputUrl": "https://www.instagram.com/nuriadguezmera",
        "url": "https://www.instagram.com/p/C5L1aX_o8ld/",
        "commentsCount": 3,
        "timestamp": "2024-03-31T16:13:18.000Z"
    },
    {
        "inputUrl": "https://www.instagram.com/nuriadguezmera",
        "url": "https://www.instagram.com/p/C5F19eUNdvm/",
        "commentsCount": 0,
        "timestamp": "2024-03-29T08:22:39.000Z"
    },
    {
        "inputUrl": "https://www.instagram.com/nuriadguezmera",
        "url": "https://www.instagram.com/p/C453VJvoBA4/",
        "commentsCount": 6,
        "timestamp": "2024-03-24T16:43:44.000Z"
    },
    {
        "inputUrl": "https://www.instagram.com/nuriadguezmera",
        "url": "https://www.instagram.com/p/CyFya8kItKP/",
        "commentsCount": 1,
        "timestamp": "2023-10-07T08:11:58.000Z"
    },
    {
        "inputUrl": "https://www.instagram.com/nuriadguezmera",
        "url": "https://www.instagram.com/p/CyOmm5KoYpc/",
        "commentsCount": 7,
        "timestamp": "2023-10-10T18:21:54.000Z"
    },
    {
        "inputUrl": "https://www.instagram.com/maria.maronho",
        "url": "https://www.instagram.com/p/C3JIHslsnpd/",
        "commentsCount": 2,
        "timestamp": "2024-02-09T21:56:16.000Z"
    },
    {
        "inputUrl": "https://www.instagram.com/fatima_pego",
        "url": "https://www.instagram.com/p/C38ih8Ztvxo/",
        "commentsCount": 80,
        "timestamp": "2024-02-29T21:14:58.000Z"
    },
    {
        "inputUrl": "https://www.instagram.com/fatima_pego",
        "url": "https://www.instagram.com/p/C37suuptk6N/",
        "commentsCount": 0,
        "timestamp": "2024-02-29T13:18:12.000Z"
    },
    {
        "inputUrl": "https://www.instagram.com/fatima_pego",
        "url": "https://www.instagram.com/p/C3yMHIPNw1V/",
        "commentsCount": 199,
        "timestamp": "2024-02-25T20:47:34.000Z"
    },
    {
        "inputUrl": "https://www.instagram.com/lucia.regueiro",
        "url": "https://www.instagram.com/p/Cz9Kb_ZooIp/",
        "commentsCount": 36,
        "timestamp": "2023-11-22T16:51:27.000Z"
    },
    {
        "inputUrl": "https://www.instagram.com/fatima_pego",
        "url": "https://www.instagram.com/p/C355y0GNnw_/",
        "commentsCount": 133,
        "timestamp": "2024-02-28T20:34:16.000Z"
    },
    {
        "inputUrl": "https://www.instagram.com/lucia.regueiro",
        "url": "https://www.instagram.com/p/Cz7Hzd8NGDP/",
        "commentsCount": 21,
        "timestamp": "2023-11-21T21:49:57.000Z"
    },
    {
        "inputUrl": "https://www.instagram.com/fatima_pego",
        "url": "https://www.instagram.com/p/C33cD-nteE_/",
        "commentsCount": 113,
        "timestamp": "2024-02-27T21:35:35.000Z"
    },
    {
        "inputUrl": "https://www.instagram.com/fatima_pego",
        "url": "https://www.instagram.com/p/C4Djw57Nvk-/",
        "commentsCount": 61,
        "timestamp": "2024-03-03T14:35:10.000Z"
    },
    {
        "inputUrl": "https://www.instagram.com/maria.maronho",
        "url": "https://www.instagram.com/p/C5q0EVOM2y3/",
        "commentsCount": 22,
        "timestamp": "2024-04-12T16:58:01.000Z"
    },
    {
        "inputUrl": "https://www.instagram.com/fatima_pego",
        "url": "https://www.instagram.com/p/C3vluEpNjtt/",
        "commentsCount": 218,
        "timestamp": "2024-02-24T20:26:35.000Z"
    },
    {
        "inputUrl": "https://www.instagram.com/fatima_pego",
        "url": "https://www.instagram.com/p/C3n34OXNYpI/",
        "commentsCount": 165,
        "timestamp": "2024-02-21T20:31:49.000Z"
    },
    {
        "inputUrl": "https://www.instagram.com/fatima_pego",
        "url": "https://www.instagram.com/p/C3lS92-tOUe/",
        "commentsCount": 91,
        "timestamp": "2024-02-20T20:32:07.000Z"
    },
    {
        "inputUrl": "https://www.instagram.com/pau_jh",
        "url": "https://www.instagram.com/p/CzjwnWwLrLL/",
        "commentsCount": 2,
        "timestamp": "2023-11-12T20:43:23.000Z"
    },
    {
        "inputUrl": "https://www.instagram.com/pau_jh",
        "url": "https://www.instagram.com/p/C1Xkz-ULUIZ/",
        "commentsCount": 4,
        "timestamp": "2023-12-27T19:33:34.000Z"
    },
    {
        "inputUrl": "https://www.instagram.com/fatima_pego",
        "url": "https://www.instagram.com/p/C3tCqSHt3zP/",
        "commentsCount": 208,
        "timestamp": "2024-02-23T20:41:13.000Z"
    },
    {
        "inputUrl": "https://www.instagram.com/pau_jh",
        "url": "https://www.instagram.com/p/CxWB5KNLk3N/",
        "commentsCount": 6,
        "timestamp": "2023-09-18T19:04:04.000Z"
    },
    {
        "inputUrl": "https://www.instagram.com/fatima_pego",
        "url": "https://www.instagram.com/p/C3vaFkANuXQ/",
        "commentsCount": 0,
        "timestamp": "2024-02-24T18:44:24.000Z"
    },
    {
        "inputUrl": "https://www.instagram.com/lucia.regueiro",
        "url": "https://www.instagram.com/p/CyqWadnolCl/",
        "commentsCount": 27,
        "timestamp": "2023-10-21T12:59:08.000Z"
    },
    {
        "inputUrl": "https://www.instagram.com/lucia.regueiro",
        "url": "https://www.instagram.com/p/Cy8HlzyN9G3/",
        "commentsCount": 56,
        "timestamp": "2023-10-28T10:35:56.000Z"
    },
    {
        "inputUrl": "https://www.instagram.com/lucia.regueiro",
        "url": "https://www.instagram.com/p/CzJUqm6oodz/",
        "commentsCount": 55,
        "timestamp": "2023-11-02T13:40:19.000Z"
    },
    {
        "inputUrl": "https://www.instagram.com/lucia.regueiro",
        "url": "https://www.instagram.com/p/CwszYTEtS6b/",
        "commentsCount": 43,
        "timestamp": "2023-09-02T18:47:56.000Z"
    },
    {
        "inputUrl": "https://www.instagram.com/lucia.regueiro",
        "url": "https://www.instagram.com/p/CybphPftzss/",
        "commentsCount": 26,
        "timestamp": "2023-10-15T19:57:28.000Z"
    },
    {
        "inputUrl": "https://www.instagram.com/lucia.regueiro",
        "url": "https://www.instagram.com/p/CyYgsnxoE5b/",
        "commentsCount": 29,
        "timestamp": "2023-10-14T14:42:40.000Z"
    },
    {
        "inputUrl": "https://www.instagram.com/lucia.regueiro",
        "url": "https://www.instagram.com/p/CxsikIcIq3B/",
        "commentsCount": 40,
        "timestamp": "2023-09-27T12:52:24.000Z"
    },
    {
        "inputUrl": "https://www.instagram.com/lucia.regueiro",
        "url": "https://www.instagram.com/p/Cw-mrBfoZRx/",
        "commentsCount": 48,
        "timestamp": "2023-09-09T16:43:13.000Z"
    },
    {
        "inputUrl": "https://www.instagram.com/fatima_pego",
        "url": "https://www.instagram.com/p/C3yLFtutKJo/",
        "commentsCount": 0,
        "timestamp": "2024-02-25T20:31:04.000Z"
    },
    {
        "inputUrl": "https://www.instagram.com/lucia.regueiro",
        "url": "https://www.instagram.com/p/Cxagrh4ot6d/",
        "commentsCount": 38,
        "timestamp": "2023-09-20T12:49:36.000Z"
    },
    {
        "inputUrl": "https://www.instagram.com/fatima_pego",
        "url": "https://www.instagram.com/p/C5OdyI-NzxO/",
        "commentsCount": 53,
        "timestamp": "2024-04-01T16:46:47.000Z"
    },
    {
        "inputUrl": "https://www.instagram.com/pau_jh",
        "url": "https://www.instagram.com/p/C42yIZkNWdT/",
        "commentsCount": 1,
        "timestamp": "2024-03-23T12:00:35.000Z"
    },
    {
        "inputUrl": "https://www.instagram.com/fatima_pego",
        "url": "https://www.instagram.com/p/C3gbnr3Imlz/",
        "commentsCount": 112,
        "timestamp": "2024-02-18T23:09:12.000Z"
    },
    {
        "inputUrl": "https://www.instagram.com/fatima_pego",
        "url": "https://www.instagram.com/p/C3i5fUGNtHZ/",
        "commentsCount": 96,
        "timestamp": "2024-02-19T22:09:27.000Z"
    },
    {
        "inputUrl": "https://www.instagram.com/fatima_pego",
        "url": "https://www.instagram.com/p/C3bGBfLtDg4/",
        "commentsCount": 357,
        "timestamp": "2024-02-16T21:24:16.000Z"
    },
    {
        "inputUrl": "https://www.instagram.com/lucia.regueiro",
        "url": "https://www.instagram.com/p/Czd8qMHouQD/",
        "commentsCount": 25,
        "timestamp": "2023-11-10T13:54:36.000Z"
    },
    {
        "inputUrl": "https://www.instagram.com/fatima_pego",
        "url": "https://www.instagram.com/p/C3i92eKNBRF/",
        "commentsCount": 0,
        "timestamp": "2024-02-19T22:46:47.000Z"
    },
    {
        "inputUrl": "https://www.instagram.com/fatima_pego",
        "url": "https://www.instagram.com/p/C3Thp1KNzLz/",
        "commentsCount": 190,
        "timestamp": "2024-02-13T22:51:47.000Z"
    },
    {
        "inputUrl": "https://www.instagram.com/fatima_pego",
        "url": "https://www.instagram.com/p/C3Yfa1wt7AG/",
        "commentsCount": 131,
        "timestamp": "2024-02-15T21:08:28.000Z"
    },
    {
        "inputUrl": "https://www.instagram.com/fatima_pego",
        "url": "https://www.instagram.com/p/C3P2rJ2NFNq/",
        "commentsCount": 37,
        "timestamp": "2024-02-12T12:38:30.000Z"
    },
    {
        "inputUrl": "https://www.instagram.com/fatima_pego",
        "url": "https://www.instagram.com/p/C3OI5y3ta-R/",
        "commentsCount": 238,
        "timestamp": "2024-02-11T20:39:19.000Z"
    },
    {
        "inputUrl": "https://www.instagram.com/fatima_pego",
        "url": "https://www.instagram.com/p/C3JDHxwNuL_/",
        "commentsCount": 193,
        "timestamp": "2024-02-09T21:12:52.000Z"
    },
    {
        "inputUrl": "https://www.instagram.com/fatima_pego",
        "url": "https://www.instagram.com/p/C3D_WX9t81s/",
        "commentsCount": 153,
        "timestamp": "2024-02-07T22:03:26.000Z"
    },
    {
        "inputUrl": "https://www.instagram.com/fatima_pego",
        "url": "https://www.instagram.com/p/C3GjG5XNzDB/",
        "commentsCount": 62,
        "timestamp": "2024-02-08T21:56:37.000Z"
    },
    {
        "inputUrl": "https://www.instagram.com/fatima_pego",
        "url": "https://www.instagram.com/p/C3VEmYBN7fj/",
        "commentsCount": 953,
        "timestamp": "2024-02-14T13:16:23.000Z"
    },
    {
        "inputUrl": "https://www.instagram.com/pau_jh",
        "url": "https://www.instagram.com/p/CxQKizGtiqz/",
        "commentsCount": 18,
        "timestamp": "2023-09-16T12:23:46.000Z"
    },
    {
        "inputUrl": "https://www.instagram.com/fatima_pego",
        "url": "https://www.instagram.com/p/C2-sbrMNhQC/",
        "commentsCount": 140,
        "timestamp": "2024-02-05T20:42:28.000Z"
    },
    {
        "inputUrl": "https://www.instagram.com/fatima_pego",
        "url": "https://www.instagram.com/p/C25ajNvtWtM/",
        "commentsCount": 218,
        "timestamp": "2024-02-03T19:29:28.000Z"
    },
    {
        "inputUrl": "https://www.instagram.com/fatima_pego",
        "url": "https://www.instagram.com/p/C22-LqjttUJ/",
        "commentsCount": 150,
        "timestamp": "2024-02-02T20:43:06.000Z"
    },
    {
        "inputUrl": "https://www.instagram.com/fatima_pego",
        "url": "https://www.instagram.com/p/C2sin5HMTDB/",
        "commentsCount": 56,
        "timestamp": "2024-01-29T19:29:53.000Z"
    },
    {
        "inputUrl": "https://www.instagram.com/maria.maronho",
        "url": "https://www.instagram.com/p/C3GGSd_suMm/",
        "commentsCount": 0,
        "timestamp": "2024-02-08T17:42:32.000Z"
    },
    {
        "inputUrl": "https://www.instagram.com/fatima_pego",
        "url": "https://www.instagram.com/p/C3BSs7LNp8M/",
        "commentsCount": 80,
        "timestamp": "2024-02-06T20:55:36.000Z"
    },
    {
        "inputUrl": "https://www.instagram.com/fatima_pego",
        "url": "https://www.instagram.com/p/C297AojNLCe/",
        "commentsCount": 0,
        "timestamp": "2024-02-05T13:30:04.000Z"
    },
    {
        "inputUrl": "https://www.instagram.com/fatima_pego",
        "url": "https://www.instagram.com/p/C2xxbrONNG5/",
        "commentsCount": 172,
        "timestamp": "2024-01-31T20:16:25.000Z"
    },
    {
        "inputUrl": "https://www.instagram.com/fatima_pego",
        "url": "https://www.instagram.com/p/C28CjWVtnhJ/",
        "commentsCount": 739,
        "timestamp": "2024-02-04T19:57:29.000Z"
    },
    {
        "inputUrl": "https://www.instagram.com/fatima_pego",
        "url": "https://www.instagram.com/p/C2zti-PNzPW/",
        "commentsCount": 62,
        "timestamp": "2024-02-01T14:26:17.000Z"
    },
    {
        "inputUrl": "https://www.instagram.com/fatima_pego",
        "url": "https://www.instagram.com/p/C2w7xtONYSY/",
        "commentsCount": 0,
        "timestamp": "2024-01-31T12:26:38.000Z"
    },
    {
        "inputUrl": "https://www.instagram.com/pau_jh",
        "url": "https://www.instagram.com/p/Cw3RVH4LS8d/",
        "commentsCount": 0,
        "timestamp": "2023-09-06T20:23:18.000Z"
    },
    {
        "inputUrl": "https://www.instagram.com/fatima_pego",
        "url": "https://www.instagram.com/p/C20br8LNhl-/",
        "commentsCount": 88,
        "timestamp": "2024-02-01T21:03:23.000Z"
    },
    {
        "inputUrl": "https://www.instagram.com/fatima_pego",
        "url": "https://www.instagram.com/p/C2qKHKPNCQu/",
        "commentsCount": 149,
        "timestamp": "2024-01-28T21:17:13.000Z"
    },
    {
        "inputUrl": "https://www.instagram.com/maria.maronho",
        "url": "https://www.instagram.com/p/C0w7OUZNopt/",
        "commentsCount": 6,
        "timestamp": "2023-12-12T19:19:01.000Z"
    },
    {
        "inputUrl": "https://www.instagram.com/maria.maronho",
        "url": "https://www.instagram.com/p/C1SzykwNQQQ/",
        "commentsCount": 34,
        "timestamp": "2023-12-25T23:08:14.000Z"
    },
    {
        "inputUrl": "https://www.instagram.com/maria.maronho",
        "url": "https://www.instagram.com/p/C1K4NnttplH/",
        "commentsCount": 3,
        "timestamp": "2023-12-22T21:12:58.000Z"
    },
    {
        "inputUrl": "https://www.instagram.com/maria.maronho",
        "url": "https://www.instagram.com/p/C0huFUfNz05/",
        "commentsCount": 2,
        "timestamp": "2023-12-06T21:35:35.000Z"
    },
    {
        "inputUrl": "https://www.instagram.com/fatima_pego",
        "url": "https://www.instagram.com/p/C2iNLWPtru2/",
        "commentsCount": 120,
        "timestamp": "2024-01-25T19:10:49.000Z"
    },
    {
        "inputUrl": "https://www.instagram.com/maria.maronho",
        "url": "https://www.instagram.com/p/C0dnzEbtotE/",
        "commentsCount": 6,
        "timestamp": "2023-12-05T07:23:42.000Z"
    },
    {
        "inputUrl": "https://www.instagram.com/maria.maronho",
        "url": "https://www.instagram.com/p/C0SSu8vIQa-/",
        "commentsCount": 1,
        "timestamp": "2023-11-30T21:47:59.000Z"
    },
    {
        "inputUrl": "https://www.instagram.com/fatima_pego",
        "url": "https://www.instagram.com/p/C2f0yyIt9N2/",
        "commentsCount": 166,
        "timestamp": "2024-01-24T20:58:32.000Z"
    },
    {
        "inputUrl": "https://www.instagram.com/maria.maronho",
        "url": "https://www.instagram.com/p/Cy-e0QooGK_/",
        "commentsCount": 4,
        "timestamp": "2023-10-29T08:37:22.000Z"
    },
    {
        "inputUrl": "https://www.instagram.com/fatima_pego",
        "url": "https://www.instagram.com/p/C2lHFsiNj5I/",
        "commentsCount": 135,
        "timestamp": "2024-01-26T22:14:36.000Z"
    },
    {
        "inputUrl": "https://www.instagram.com/maria.maronho",
        "url": "https://www.instagram.com/p/CyayYBEI7p9/",
        "commentsCount": 10,
        "timestamp": "2023-10-15T11:55:37.000Z"
    },
    {
        "inputUrl": "https://www.instagram.com/maria.maronho",
        "url": "https://www.instagram.com/p/CwpqG3PoKg_/",
        "commentsCount": 3,
        "timestamp": "2023-09-01T13:29:11.000Z"
    },
    {
        "inputUrl": "https://www.instagram.com/maria.maronho",
        "url": "https://www.instagram.com/p/Czi6o-3IojI/",
        "commentsCount": 4,
        "timestamp": "2023-11-12T12:26:19.000Z"
    },
    {
        "inputUrl": "https://www.instagram.com/fatima_pego",
        "url": "https://www.instagram.com/p/C2f3rNCtsAA/",
        "commentsCount": 0,
        "timestamp": "2024-01-24T21:23:42.000Z"
    },
    {
        "inputUrl": "https://www.instagram.com/fatima_pego",
        "url": "https://www.instagram.com/p/C2aljIatfnm/",
        "commentsCount": 217,
        "timestamp": "2024-01-22T20:09:07.000Z"
    },
    {
        "inputUrl": "https://www.instagram.com/fatima_pego",
        "url": "https://www.instagram.com/p/C2nV43-NT94/",
        "commentsCount": 0,
        "timestamp": "2024-01-27T19:02:24.000Z"
    },
    {
        "inputUrl": "https://www.instagram.com/fatima_pego",
        "url": "https://www.instagram.com/p/C2dMA6XtIG5/",
        "commentsCount": 0,
        "timestamp": "2024-01-23T20:23:43.000Z"
    },
    {
        "inputUrl": "https://www.instagram.com/fatima_pego",
        "url": "https://www.instagram.com/p/C2aqw8mthA5/",
        "commentsCount": 0,
        "timestamp": "2024-01-22T20:54:41.000Z"
    },
    {
        "inputUrl": "https://www.instagram.com/fatima_pego",
        "url": "https://www.instagram.com/p/C2VgOkoNyhr/",
        "commentsCount": 224,
        "timestamp": "2024-01-20T20:46:25.000Z"
    },
    {
        "inputUrl": "https://www.instagram.com/maria.maronho",
        "url": "https://www.instagram.com/p/CzzihOsIQvn/",
        "commentsCount": 9,
        "timestamp": "2023-11-18T23:09:28.000Z"
    },
    {
        "inputUrl": "https://www.instagram.com/fatima_pego",
        "url": "https://www.instagram.com/p/C2X86GhN8Nf/",
        "commentsCount": 235,
        "timestamp": "2024-01-21T19:35:30.000Z"
    },
    {
        "inputUrl": "https://www.instagram.com/maria.maronho",
        "url": "https://www.instagram.com/p/CzIvitXIshS/",
        "commentsCount": 2,
        "timestamp": "2023-11-02T08:15:56.000Z"
    },
    {
        "inputUrl": "https://www.instagram.com/fatima_pego",
        "url": "https://www.instagram.com/p/C2dDVnLNxnp/",
        "commentsCount": 205,
        "timestamp": "2024-01-23T19:07:54.000Z"
    },
    {
        "inputUrl": "https://www.instagram.com/fatima_pego",
        "url": "https://www.instagram.com/p/C2VgHL5t0P5/",
        "commentsCount": 0,
        "timestamp": "2024-01-20T20:45:24.000Z"
    },
    {
        "inputUrl": "https://www.instagram.com/fatima_pego",
        "url": "https://www.instagram.com/p/C2QWePcNQJ4/",
        "commentsCount": 255,
        "timestamp": "2024-01-18T20:44:58.000Z"
    },
    {
        "inputUrl": "https://www.instagram.com/fatima_pego",
        "url": "https://www.instagram.com/p/C2IoqW6Ned3/",
        "commentsCount": 102,
        "timestamp": "2024-01-15T20:50:38.000Z"
    },
    {
        "inputUrl": "https://www.instagram.com/fatima_pego",
        "url": "https://www.instagram.com/p/C2DjIuctsly/",
        "commentsCount": 150,
        "timestamp": "2024-01-13T21:28:01.000Z"
    },
    {
        "inputUrl": "https://www.instagram.com/fatima_pego",
        "url": "https://www.instagram.com/p/C17zcOetrhG/",
        "commentsCount": 145,
        "timestamp": "2024-01-10T21:14:03.000Z"
    },
    {
        "inputUrl": "https://www.instagram.com/fatima_pego",
        "url": "https://www.instagram.com/p/C2GCKiKtHHG/",
        "commentsCount": 137,
        "timestamp": "2024-01-14T20:35:07.000Z"
    },
    {
        "inputUrl": "https://www.instagram.com/fatima_pego",
        "url": "https://www.instagram.com/p/C2S-c9eNP1o/",
        "commentsCount": 50,
        "timestamp": "2024-01-19T21:14:23.000Z"
    },
    {
        "inputUrl": "https://www.instagram.com/fatima_pego",
        "url": "https://www.instagram.com/p/C15JUfUNCUB/",
        "commentsCount": 64,
        "timestamp": "2024-01-09T20:28:59.000Z"
    },
    {
        "inputUrl": "https://www.instagram.com/fatima_pego",
        "url": "https://www.instagram.com/p/C2N1AeKNdiz/",
        "commentsCount": 105,
        "timestamp": "2024-01-17T21:14:58.000Z"
    },
    {
        "inputUrl": "https://www.instagram.com/fatima_pego",
        "url": "https://www.instagram.com/p/C1-Y_xzN7xP/",
        "commentsCount": 70,
        "timestamp": "2024-01-11T21:21:20.000Z"
    },
    {
        "inputUrl": "https://www.instagram.com/fatima_pego",
        "url": "https://www.instagram.com/p/C2LTwkZtzaW/",
        "commentsCount": 227,
        "timestamp": "2024-01-16T21:45:03.000Z"
    },
    {
        "inputUrl": "https://www.instagram.com/fatima_pego",
        "url": "https://www.instagram.com/p/C10KQ8tt6Hw/",
        "commentsCount": 73,
        "timestamp": "2024-01-07T22:00:05.000Z"
    },
    {
        "inputUrl": "https://www.instagram.com/fatima_pego",
        "url": "https://www.instagram.com/p/C12sWC8tXqK/",
        "commentsCount": 115,
        "timestamp": "2024-01-08T21:38:51.000Z"
    },
    {
        "inputUrl": "https://www.instagram.com/fatima_pego",
        "url": "https://www.instagram.com/p/C2nWeQSNlmi/",
        "commentsCount": 217,
        "timestamp": "2024-01-27T19:07:30.000Z"
    },
    {
        "inputUrl": "https://www.instagram.com/fatima_pego",
        "url": "https://www.instagram.com/p/C1xeWCxtiQg/",
        "commentsCount": 149,
        "timestamp": "2024-01-06T20:57:18.000Z"
    },
    {
        "inputUrl": "https://www.instagram.com/fatima_pego",
        "url": "https://www.instagram.com/p/C1p0lpstXfh/",
        "commentsCount": 225,
        "timestamp": "2024-01-03T21:37:45.000Z"
    },
    {
        "inputUrl": "https://www.instagram.com/fatima_pego",
        "url": "https://www.instagram.com/p/C1nQcL4NWaz/",
        "commentsCount": 152,
        "timestamp": "2024-01-02T21:47:12.000Z"
    },
    {
        "inputUrl": "https://www.instagram.com/fatima_pego",
        "url": "https://www.instagram.com/p/C1sZlRDt-yY/",
        "commentsCount": 103,
        "timestamp": "2024-01-04T21:39:54.000Z"
    },
    {
        "inputUrl": "https://www.instagram.com/fatima_pego",
        "url": "https://www.instagram.com/p/C1kYO8XNJd3/",
        "commentsCount": 76,
        "timestamp": "2024-01-01T18:57:37.000Z"
    },
    {
        "inputUrl": "https://www.instagram.com/fatima_pego",
        "url": "https://www.instagram.com/p/C1jfIWEt9IE/",
        "commentsCount": 171,
        "timestamp": "2024-01-01T10:34:48.000Z"
    },
    {
        "inputUrl": "https://www.instagram.com/fatima_pego",
        "url": "https://www.instagram.com/p/C1hBPX9NWD8/",
        "commentsCount": 236,
        "timestamp": "2023-12-31T11:35:08.000Z"
    },
    {
        "inputUrl": "https://www.instagram.com/fatima_pego",
        "url": "https://www.instagram.com/p/C1eo6wHNBvN/",
        "commentsCount": 70,
        "timestamp": "2023-12-30T13:29:55.000Z"
    },
    {
        "inputUrl": "https://www.instagram.com/fatima_pego",
        "url": "https://www.instagram.com/p/C1ckRF2Ne76/",
        "commentsCount": 43,
        "timestamp": "2023-12-29T18:05:09.000Z"
    },
    {
        "inputUrl": "https://www.instagram.com/fatima_pego",
        "url": "https://www.instagram.com/p/C1u06CXt_9c/",
        "commentsCount": 145,
        "timestamp": "2024-01-05T20:16:44.000Z"
    },
    {
        "inputUrl": "https://www.instagram.com/fatima_pego",
        "url": "https://www.instagram.com/p/C1ZBNBytcKd/",
        "commentsCount": 278,
        "timestamp": "2023-12-28T09:01:23.000Z"
    },
    {
        "inputUrl": "https://www.instagram.com/fatima_pego",
        "url": "https://www.instagram.com/p/C1Sds-ctpLI/",
        "commentsCount": 150,
        "timestamp": "2023-12-25T19:55:14.000Z"
    },
    {
        "inputUrl": "https://www.instagram.com/fatima_pego",
        "url": "https://www.instagram.com/p/C1XrWz-NgHN/",
        "commentsCount": 37,
        "timestamp": "2023-12-27T20:32:05.000Z"
    },
    {
        "inputUrl": "https://www.instagram.com/fatima_pego",
        "url": "https://www.instagram.com/p/C1VBXCFNfEb/",
        "commentsCount": 52,
        "timestamp": "2023-12-26T19:45:38.000Z"
    },
    {
        "inputUrl": "https://www.instagram.com/fatima_pego",
        "url": "https://www.instagram.com/p/C1PhqOTtwkm/",
        "commentsCount": 318,
        "timestamp": "2023-12-24T16:32:05.000Z"
    },
    {
        "inputUrl": "https://www.instagram.com/fatima_pego",
        "url": "https://www.instagram.com/p/C1IQHwyNwPJ/",
        "commentsCount": 179,
        "timestamp": "2023-12-21T20:44:44.000Z"
    },
    {
        "inputUrl": "https://www.instagram.com/fatima_pego",
        "url": "https://www.instagram.com/p/C1FvsCgtPHE/",
        "commentsCount": 104,
        "timestamp": "2023-12-20T21:23:09.000Z"
    },
    {
        "inputUrl": "https://www.instagram.com/fatima_pego",
        "url": "https://www.instagram.com/p/C1DJI76N1A_/",
        "commentsCount": 143,
        "timestamp": "2023-12-19T21:06:57.000Z"
    },
    {
        "inputUrl": "https://www.instagram.com/fatima_pego",
        "url": "https://www.instagram.com/p/C091B-7Nlv4/",
        "commentsCount": 230,
        "timestamp": "2023-12-17T19:35:02.000Z"
    },
    {
        "inputUrl": "https://www.instagram.com/fatima_pego",
        "url": "https://www.instagram.com/p/C2A6rPqt7XS/",
        "commentsCount": 147,
        "timestamp": "2024-01-12T20:53:28.000Z"
    },
    {
        "inputUrl": "https://www.instagram.com/fatima_pego",
        "url": "https://www.instagram.com/p/C1AlMadt9ue/",
        "commentsCount": 73,
        "timestamp": "2023-12-18T21:19:50.000Z"
    },
    {
        "inputUrl": "https://www.instagram.com/fatima_pego",
        "url": "https://www.instagram.com/p/C1IDCv-N9F6/",
        "commentsCount": 0,
        "timestamp": "2023-12-21T18:49:52.000Z"
    },
    {
        "inputUrl": "https://www.instagram.com/fatima_pego",
        "url": "https://www.instagram.com/p/C1NUPjTNk9D/",
        "commentsCount": 163,
        "timestamp": "2023-12-23T19:58:09.000Z"
    },
    {
        "inputUrl": "https://www.instagram.com/fatima_pego",
        "url": "https://www.instagram.com/p/C07Iiz7tBfF/",
        "commentsCount": 0,
        "timestamp": "2023-12-16T18:27:49.000Z"
    },
    {
        "inputUrl": "https://www.instagram.com/fatima_pego",
        "url": "https://www.instagram.com/p/C0ruX-ptBjb/",
        "commentsCount": 127,
        "timestamp": "2023-12-10T18:50:32.000Z"
    },
    {
        "inputUrl": "https://www.instagram.com/fatima_pego",
        "url": "https://www.instagram.com/p/C02B7-1NH8H/",
        "commentsCount": 58,
        "timestamp": "2023-12-14T18:54:22.000Z"
    },
    {
        "inputUrl": "https://www.instagram.com/fatima_pego",
        "url": "https://www.instagram.com/p/C0uldYzNx7s/",
        "commentsCount": 635,
        "timestamp": "2023-12-11T21:30:46.000Z"
    },
    {
        "inputUrl": "https://www.instagram.com/fatima_pego",
        "url": "https://www.instagram.com/p/C0zvetstG8C/",
        "commentsCount": 143,
        "timestamp": "2023-12-13T21:34:51.000Z"
    },
    {
        "inputUrl": "https://www.instagram.com/fatima_pego",
        "url": "https://www.instagram.com/p/C07Iylot34i/",
        "commentsCount": 116,
        "timestamp": "2023-12-16T18:30:11.000Z"
    },
    {
        "inputUrl": "https://www.instagram.com/fatima_pego",
        "url": "https://www.instagram.com/p/C0hpsjvtOGO/",
        "commentsCount": 210,
        "timestamp": "2023-12-06T20:57:24.000Z"
    },
    {
        "inputUrl": "https://www.instagram.com/fatima_pego",
        "url": "https://www.instagram.com/p/C0ccvzxNzO7/",
        "commentsCount": 52,
        "timestamp": "2023-12-04T20:28:16.000Z"
    },
    {
        "inputUrl": "https://www.instagram.com/fatima_pego",
        "url": "https://www.instagram.com/p/C0fHemVtr9R/",
        "commentsCount": 186,
        "timestamp": "2023-12-05T21:19:46.000Z"
    },
    {
        "inputUrl": "https://www.instagram.com/fatima_pego",
        "url": "https://www.instagram.com/p/C0mreG0NyyZ/",
        "commentsCount": 196,
        "timestamp": "2023-12-08T19:48:57.000Z"
    },
    {
        "inputUrl": "https://www.instagram.com/fatima_pego",
        "url": "https://www.instagram.com/p/C0XXRZqNID1/",
        "commentsCount": 176,
        "timestamp": "2023-12-02T21:03:51.000Z"
    },
    {
        "inputUrl": "https://www.instagram.com/fatima_pego",
        "url": "https://www.instagram.com/p/C0w-_4kNXEL/",
        "commentsCount": 63,
        "timestamp": "2023-12-12T19:53:58.000Z"
    },
    {
        "inputUrl": "https://www.instagram.com/fatima_pego",
        "url": "https://www.instagram.com/p/C0M6vTQt69E/",
        "commentsCount": 60,
        "timestamp": "2023-11-28T19:42:31.000Z"
    },
    {
        "inputUrl": "https://www.instagram.com/fatima_pego",
        "url": "https://www.instagram.com/p/C0U4P3AtUFm/",
        "commentsCount": 173,
        "timestamp": "2023-12-01T21:54:17.000Z"
    },
    {
        "inputUrl": "https://www.instagram.com/fatima_pego",
        "url": "https://www.instagram.com/p/C0KZcM0Nzka/",
        "commentsCount": 114,
        "timestamp": "2023-11-27T20:13:57.000Z"
    },
    {
        "inputUrl": "https://www.instagram.com/fatima_pego",
        "url": "https://www.instagram.com/p/C0Hhjzsoa61/",
        "commentsCount": 159,
        "timestamp": "2023-11-26T17:27:55.000Z"
    },
    {
        "inputUrl": "https://www.instagram.com/fatima_pego",
        "url": "https://www.instagram.com/p/C0Hb2jDoz8E/",
        "commentsCount": 0,
        "timestamp": "2023-11-26T16:36:02.000Z"
    },
    {
        "inputUrl": "https://www.instagram.com/fatima_pego",
        "url": "https://www.instagram.com/p/C0FM9n7oh4o/",
        "commentsCount": 112,
        "timestamp": "2023-11-25T19:47:26.000Z"
    },
    {
        "inputUrl": "https://www.instagram.com/fatima_pego",
        "url": "https://www.instagram.com/p/C0CdhA1oeDi/",
        "commentsCount": 94,
        "timestamp": "2023-11-24T18:14:22.000Z"
    },
    {
        "inputUrl": "https://www.instagram.com/fatima_pego",
        "url": "https://www.instagram.com/p/C0APCG_t6iD/",
        "commentsCount": 77,
        "timestamp": "2023-11-23T21:30:14.000Z"
    },
    {
        "inputUrl": "https://www.instagram.com/fatima_pego",
        "url": "https://www.instagram.com/p/Cz9ZzaNI130/",
        "commentsCount": 137,
        "timestamp": "2023-11-22T19:06:48.000Z"
    },
    {
        "inputUrl": "https://www.instagram.com/fatima_pego",
        "url": "https://www.instagram.com/p/Cz4cZFbILzT/",
        "commentsCount": 129,
        "timestamp": "2023-11-20T20:52:08.000Z"
    },
    {
        "inputUrl": "https://www.instagram.com/fatima_pego",
        "url": "https://www.instagram.com/p/Cz9ZFJMIwqE/",
        "commentsCount": 18,
        "timestamp": "2023-11-22T18:59:24.000Z"
    },
    {
        "inputUrl": "https://www.instagram.com/fatima_pego",
        "url": "https://www.instagram.com/p/C0PklfnN6dA/",
        "commentsCount": 86,
        "timestamp": "2023-11-29T20:26:16.000Z"
    },
    {
        "inputUrl": "https://www.instagram.com/fatima_pego",
        "url": "https://www.instagram.com/p/Cz1XkKEoobe/",
        "commentsCount": 0,
        "timestamp": "2023-11-19T16:12:14.000Z"
    },
    {
        "inputUrl": "https://www.instagram.com/fatima_pego",
        "url": "https://www.instagram.com/p/CzjkxnmobUg/",
        "commentsCount": 197,
        "timestamp": "2023-11-12T18:21:20.000Z"
    },
    {
        "inputUrl": "https://www.instagram.com/fatima_pego",
        "url": "https://www.instagram.com/p/Czo9dCnNnyN/",
        "commentsCount": 291,
        "timestamp": "2023-11-14T20:33:11.000Z"
    },
    {
        "inputUrl": "https://www.instagram.com/fatima_pego",
        "url": "https://www.instagram.com/p/CzzGwIUIQuw/",
        "commentsCount": 60,
        "timestamp": "2023-11-18T19:07:23.000Z"
    },
    {
        "inputUrl": "https://www.instagram.com/fatima_pego",
        "url": "https://www.instagram.com/p/Cz109PNo6Dq/",
        "commentsCount": 49,
        "timestamp": "2023-11-19T20:29:45.000Z"
    },
    {
        "inputUrl": "https://www.instagram.com/fatima_pego",
        "url": "https://www.instagram.com/p/CzeehREoS2t/",
        "commentsCount": 195,
        "timestamp": "2023-11-10T18:51:18.000Z"
    },
    {
        "inputUrl": "https://www.instagram.com/fatima_pego",
        "url": "https://www.instagram.com/p/Czma89wt-Us/",
        "commentsCount": 67,
        "timestamp": "2023-11-13T20:54:08.000Z"
    },
    {
        "inputUrl": "https://www.instagram.com/fatima_pego",
        "url": "https://www.instagram.com/p/CzcC2btIwIl/",
        "commentsCount": 60,
        "timestamp": "2023-11-09T20:12:57.000Z"
    },
    {
        "inputUrl": "https://www.instagram.com/fatima_pego",
        "url": "https://www.instagram.com/p/CzZhUV0Ib8W/",
        "commentsCount": 64,
        "timestamp": "2023-11-08T20:45:40.000Z"
    },
    {
        "inputUrl": "https://www.instagram.com/fatima_pego",
        "url": "https://www.instagram.com/p/CzwosDyINpJ/",
        "commentsCount": 165,
        "timestamp": "2023-11-17T20:05:39.000Z"
    },
    {
        "inputUrl": "https://www.instagram.com/fatima_pego",
        "url": "https://www.instagram.com/p/CzuDDL7IYmm/",
        "commentsCount": 26,
        "timestamp": "2023-11-16T20:01:02.000Z"
    },
    {
        "inputUrl": "https://www.instagram.com/fatima_pego",
        "url": "https://www.instagram.com/p/CzW7UDto3_G/",
        "commentsCount": 111,
        "timestamp": "2023-11-07T20:28:09.000Z"
    },
    {
        "inputUrl": "https://www.instagram.com/fatima_pego",
        "url": "https://www.instagram.com/p/CzEzCVXopdX/",
        "commentsCount": 109,
        "timestamp": "2023-10-31T19:30:06.000Z"
    },
    {
        "inputUrl": "https://www.instagram.com/fatima_pego",
        "url": "https://www.instagram.com/p/CzRnviAIura/",
        "commentsCount": 230,
        "timestamp": "2023-11-05T19:00:56.000Z"
    },
    {
        "inputUrl": "https://www.instagram.com/fatima_pego",
        "url": "https://www.instagram.com/p/CzKC0zsNreS/",
        "commentsCount": 121,
        "timestamp": "2023-11-02T20:24:12.000Z"
    },
    {
        "inputUrl": "https://www.instagram.com/fatima_pego",
        "url": "https://www.instagram.com/p/CzPNk9Uok6Q/",
        "commentsCount": 56,
        "timestamp": "2023-11-04T20:34:16.000Z"
    },
    {
        "inputUrl": "https://www.instagram.com/fatima_pego",
        "url": "https://www.instagram.com/p/CzCSLXRot0B/",
        "commentsCount": 134,
        "timestamp": "2023-10-30T20:03:53.000Z"
    },
    {
        "inputUrl": "https://www.instagram.com/fatima_pego",
        "url": "https://www.instagram.com/p/Cy83p-hILKR/",
        "commentsCount": 293,
        "timestamp": "2023-10-28T17:36:36.000Z"
    },
    {
        "inputUrl": "https://www.instagram.com/fatima_pego",
        "url": "https://www.instagram.com/p/CzMfintIkMc/",
        "commentsCount": 188,
        "timestamp": "2023-11-03T19:13:04.000Z"
    },
    {
        "inputUrl": "https://www.instagram.com/fatima_pego",
        "url": "https://www.instagram.com/p/CzUgG-TNbFk/",
        "commentsCount": 85,
        "timestamp": "2023-11-06T21:52:05.000Z"
    },
    {
        "inputUrl": "https://www.instagram.com/fatima_pego",
        "url": "https://www.instagram.com/p/Cy_3AmntYOj/",
        "commentsCount": 190,
        "timestamp": "2023-10-29T21:28:01.000Z"
    },
    {
        "inputUrl": "https://www.instagram.com/fatima_pego",
        "url": "https://www.instagram.com/p/Cy1Jto1orxk/",
        "commentsCount": 0,
        "timestamp": "2023-10-25T17:39:48.000Z"
    },
    {
        "inputUrl": "https://www.instagram.com/fatima_pego",
        "url": "https://www.instagram.com/p/Cy1LxKzoPCn/",
        "commentsCount": 184,
        "timestamp": "2023-10-25T17:57:45.000Z"
    },
    {
        "inputUrl": "https://www.instagram.com/fatima_pego",
        "url": "https://www.instagram.com/p/Cy6jv-QNk_b/",
        "commentsCount": 0,
        "timestamp": "2023-10-27T20:03:31.000Z"
    },
    {
        "inputUrl": "https://www.instagram.com/fatima_pego",
        "url": "https://www.instagram.com/p/Cy3jyQoIU1l/",
        "commentsCount": 34,
        "timestamp": "2023-10-26T16:07:19.000Z"
    },
    {
        "inputUrl": "https://www.instagram.com/fatima_pego",
        "url": "https://www.instagram.com/p/Cy6mzcdoJkN/",
        "commentsCount": 150,
        "timestamp": "2023-10-27T20:30:12.000Z"
    },
    {
        "inputUrl": "https://www.instagram.com/fatima_pego",
        "url": "https://www.instagram.com/p/CywAkZaoSjY/",
        "commentsCount": 0,
        "timestamp": "2023-10-23T17:43:41.000Z"
    },
    {
        "inputUrl": "https://www.instagram.com/fatima_pego",
        "url": "https://www.instagram.com/p/CywKSQMok50/",
        "commentsCount": 193,
        "timestamp": "2023-10-23T19:08:36.000Z"
    },
    {
        "inputUrl": "https://www.instagram.com/fatima_pego",
        "url": "https://www.instagram.com/p/Cy4G-2ttYmD/",
        "commentsCount": 159,
        "timestamp": "2023-10-26T21:13:39.000Z"
    },
    {
        "inputUrl": "https://www.instagram.com/fatima_pego",
        "url": "https://www.instagram.com/p/Cyq2wqSowIE/",
        "commentsCount": 161,
        "timestamp": "2023-10-21T17:41:47.000Z"
    },
    {
        "inputUrl": "https://www.instagram.com/fatima_pego",
        "url": "https://www.instagram.com/p/CyocEyyIi5O/",
        "commentsCount": 97,
        "timestamp": "2023-10-20T19:11:28.000Z"
    },
    {
        "inputUrl": "https://www.instagram.com/fatima_pego",
        "url": "https://www.instagram.com/p/CyoOK0iIGfF/",
        "commentsCount": 0,
        "timestamp": "2023-10-20T17:08:37.000Z"
    },
    {
        "inputUrl": "https://www.instagram.com/fatima_pego",
        "url": "https://www.instagram.com/p/CzJ_jQZIUOS/",
        "commentsCount": 0,
        "timestamp": "2023-11-02T19:55:03.000Z"
    },
    {
        "inputUrl": "https://www.instagram.com/fatima_pego",
        "url": "https://www.instagram.com/p/Cyq0r_AodEV/",
        "commentsCount": 0,
        "timestamp": "2023-10-21T17:23:40.000Z"
    },
    {
        "inputUrl": "https://www.instagram.com/fatima_pego",
        "url": "https://www.instagram.com/p/CyjbMsMoUPf/",
        "commentsCount": 172,
        "timestamp": "2023-10-18T20:26:15.000Z"
    },
    {
        "inputUrl": "https://www.instagram.com/fatima_pego",
        "url": "https://www.instagram.com/p/Czo5ZgGokGo/",
        "commentsCount": 0,
        "timestamp": "2023-11-14T19:57:45.000Z"
    },
    {
        "inputUrl": "https://www.instagram.com/fatima_pego",
        "url": "https://www.instagram.com/p/Cydz5yxIhYr/",
        "commentsCount": 0,
        "timestamp": "2023-10-16T16:06:41.000Z"
    },
    {
        "inputUrl": "https://www.instagram.com/fatima_pego",
        "url": "https://www.instagram.com/p/CyWNP8VIrnO/",
        "commentsCount": 130,
        "timestamp": "2023-10-13T17:14:14.000Z"
    },
    {
        "inputUrl": "https://www.instagram.com/fatima_pego",
        "url": "https://www.instagram.com/p/CyY1Gz3o-jF/",
        "commentsCount": 154,
        "timestamp": "2023-10-14T17:41:53.000Z"
    },
    {
        "inputUrl": "https://www.instagram.com/fatima_pego",
        "url": "https://www.instagram.com/p/CyRJx-gotCX/",
        "commentsCount": 0,
        "timestamp": "2023-10-11T18:07:44.000Z"
    },
    {
        "inputUrl": "https://www.instagram.com/fatima_pego",
        "url": "https://www.instagram.com/p/CyOsJJZIbR8/",
        "commentsCount": 112,
        "timestamp": "2023-10-10T19:10:16.000Z"
    },
    {
        "inputUrl": "https://www.instagram.com/fatima_pego",
        "url": "https://www.instagram.com/p/Cydid9boGHu/",
        "commentsCount": 0,
        "timestamp": "2023-10-16T13:36:03.000Z"
    },
    {
        "inputUrl": "https://www.instagram.com/fatima_pego",
        "url": "https://www.instagram.com/p/CyeMIBTo0QG/",
        "commentsCount": 169,
        "timestamp": "2023-10-16T19:38:21.000Z"
    },
    {
        "inputUrl": "https://www.instagram.com/fatima_pego",
        "url": "https://www.instagram.com/p/CyT6n4forUQ/",
        "commentsCount": 186,
        "timestamp": "2023-10-12T19:53:00.000Z"
    },
    {
        "inputUrl": "https://www.instagram.com/fatima_pego",
        "url": "https://www.instagram.com/p/CyWIYqYINg1/",
        "commentsCount": 0,
        "timestamp": "2023-10-13T16:31:44.000Z"
    },
    {
        "inputUrl": "https://www.instagram.com/fatima_pego",
        "url": "https://www.instagram.com/p/CyRK55gIdCV/",
        "commentsCount": 138,
        "timestamp": "2023-10-11T18:17:33.000Z"
    },
    {
        "inputUrl": "https://www.instagram.com/fatima_pego",
        "url": "https://www.instagram.com/p/CyYzYnYoZ7N/",
        "commentsCount": 0,
        "timestamp": "2023-10-14T17:25:57.000Z"
    },
    {
        "inputUrl": "https://www.instagram.com/fatima_pego",
        "url": "https://www.instagram.com/p/CyMEDcDoVXs/",
        "commentsCount": 392,
        "timestamp": "2023-10-09T18:41:29.000Z"
    },
    {
        "inputUrl": "https://www.instagram.com/fatima_pego",
        "url": "https://www.instagram.com/p/CyOX5JPIhpw/",
        "commentsCount": 0,
        "timestamp": "2023-10-10T16:13:19.000Z"
    },
    {
        "inputUrl": "https://www.instagram.com/fatima_pego",
        "url": "https://www.instagram.com/p/Cx_McavIOnN/",
        "commentsCount": 77,
        "timestamp": "2023-10-04T18:44:40.000Z"
    },
    {
        "inputUrl": "https://www.instagram.com/fatima_pego",
        "url": "https://www.instagram.com/p/Cx09fWcIner/",
        "commentsCount": 217,
        "timestamp": "2023-09-30T19:21:36.000Z"
    },
    {
        "inputUrl": "https://www.instagram.com/fatima_pego",
        "url": "https://www.instagram.com/p/Cx5m84lIiO_/",
        "commentsCount": 79,
        "timestamp": "2023-10-02T14:40:51.000Z"
    },
    {
        "inputUrl": "https://www.instagram.com/fatima_pego",
        "url": "https://www.instagram.com/p/CyG3CHrICSz/",
        "commentsCount": 189,
        "timestamp": "2023-10-07T18:11:30.000Z"
    },
    {
        "inputUrl": "https://www.instagram.com/fatima_pego",
        "url": "https://www.instagram.com/p/Cx8pqNyIJQh/",
        "commentsCount": 149,
        "timestamp": "2023-10-03T19:03:27.000Z"
    },
    {
        "inputUrl": "https://www.instagram.com/fatima_pego",
        "url": "https://www.instagram.com/p/CyOLuhron9O/",
        "commentsCount": 0,
        "timestamp": "2023-10-10T14:27:01.000Z"
    },
    {
        "inputUrl": "https://www.instagram.com/fatima_pego",
        "url": "https://www.instagram.com/p/CyG1NMWoFXD/",
        "commentsCount": 0,
        "timestamp": "2023-10-07T17:55:33.000Z"
    },
    {
        "inputUrl": "https://www.instagram.com/fatima_pego",
        "url": "https://www.instagram.com/p/Cx09EatIGNb/",
        "commentsCount": 0,
        "timestamp": "2023-09-30T19:17:55.000Z"
    },
    {
        "inputUrl": "https://www.instagram.com/fatima_pego",
        "url": "https://www.instagram.com/p/CyEPAR_o5Di/",
        "commentsCount": 210,
        "timestamp": "2023-10-06T17:43:15.000Z"
    },
    {
        "inputUrl": "https://www.instagram.com/fatima_pego",
        "url": "https://www.instagram.com/p/CxvtUC0Ir6O/",
        "commentsCount": 253,
        "timestamp": "2023-09-28T18:24:02.000Z"
    },
    {
        "inputUrl": "https://www.instagram.com/fatima_pego",
        "url": "https://www.instagram.com/p/CxgboQUIjPu/",
        "commentsCount": 139,
        "timestamp": "2023-09-22T20:01:27.000Z"
    },
    {
        "inputUrl": "https://www.instagram.com/fatima_pego",
        "url": "https://www.instagram.com/p/CxYOnd3N0QQ/",
        "commentsCount": 0,
        "timestamp": "2023-09-19T15:33:17.000Z"
    },
    {
        "inputUrl": "https://www.instagram.com/fatima_pego",
        "url": "https://www.instagram.com/p/CxbNsBXIcuJ/",
        "commentsCount": 186,
        "timestamp": "2023-09-20T19:23:25.000Z"
    },
    {
        "inputUrl": "https://www.instagram.com/fatima_pego",
        "url": "https://www.instagram.com/p/CyL8XK2oqhR/",
        "commentsCount": 0,
        "timestamp": "2023-10-09T17:34:16.000Z"
    },
    {
        "inputUrl": "https://www.instagram.com/fatima_pego",
        "url": "https://www.instagram.com/p/CxYO5pRN9wv/",
        "commentsCount": 209,
        "timestamp": "2023-09-19T15:35:46.000Z"
    },
    {
        "inputUrl": "https://www.instagram.com/fatima_pego",
        "url": "https://www.instagram.com/p/CxvspuMo92Z/",
        "commentsCount": 0,
        "timestamp": "2023-09-28T18:18:16.000Z"
    },
    {
        "inputUrl": "https://www.instagram.com/fatima_pego",
        "url": "https://www.instagram.com/p/CxWAV5coIO-/",
        "commentsCount": 147,
        "timestamp": "2023-09-18T18:50:04.000Z"
    },
    {
        "inputUrl": "https://www.instagram.com/fatima_pego",
        "url": "https://www.instagram.com/p/CxbMqodINHd/",
        "commentsCount": 0,
        "timestamp": "2023-09-20T19:13:57.000Z"
    },
    {
        "inputUrl": "https://www.instagram.com/fatima_pego",
        "url": "https://www.instagram.com/p/CxOXi6iI488/",
        "commentsCount": 84,
        "timestamp": "2023-09-15T19:38:54.000Z"
    },
    {
        "inputUrl": "https://www.instagram.com/fatima_pego",
        "url": "https://www.instagram.com/p/CxJPjynI540/",
        "commentsCount": 116,
        "timestamp": "2023-09-13T19:54:04.000Z"
    },
    {
        "inputUrl": "https://www.instagram.com/fatima_pego",
        "url": "https://www.instagram.com/p/Cw5pSDst71e/",
        "commentsCount": 173,
        "timestamp": "2023-09-07T18:30:40.000Z"
    },
    {
        "inputUrl": "https://www.instagram.com/fatima_pego",
        "url": "https://www.instagram.com/p/Cw0iJ2moK8t/",
        "commentsCount": 143,
        "timestamp": "2023-09-05T18:51:20.000Z"
    },
    {
        "inputUrl": "https://www.instagram.com/fatima_pego",
        "url": "https://www.instagram.com/p/CxBgbupoomY/",
        "commentsCount": 134,
        "timestamp": "2023-09-10T19:46:26.000Z"
    },
    {
        "inputUrl": "https://www.instagram.com/fatima_pego",
        "url": "https://www.instagram.com/p/CxGnCy6Iqjb/",
        "commentsCount": 183,
        "timestamp": "2023-09-12T19:20:24.000Z"
    },
    {
        "inputUrl": "https://www.instagram.com/fatima_pego",
        "url": "https://www.instagram.com/p/CzMbD_pIGH5/",
        "commentsCount": 0,
        "timestamp": "2023-11-03T18:33:56.000Z"
    },
    {
        "inputUrl": "https://www.instagram.com/fatima_pego",
        "url": "https://www.instagram.com/p/CwveOYZtaAn/",
        "commentsCount": 113,
        "timestamp": "2023-09-03T19:41:35.000Z"
    },
    {
        "inputUrl": "https://www.instagram.com/fatima_pego",
        "url": "https://www.instagram.com/p/CxOVGS_oF2M/",
        "commentsCount": 0,
        "timestamp": "2023-09-15T19:17:31.000Z"
    },
    {
        "inputUrl": "https://www.instagram.com/fatima_pego",
        "url": "https://www.instagram.com/p/CxTZw7RoCTJ/",
        "commentsCount": 139,
        "timestamp": "2023-09-17T18:34:29.000Z"
    },
    {
        "inputUrl": "https://www.instagram.com/fatima_pego",
        "url": "https://www.instagram.com/p/CxV9U_KoTxH/",
        "commentsCount": 0,
        "timestamp": "2023-09-18T18:23:43.000Z"
    }
]