[
    {
        "inputUrl": "https://www.instagram.com/luciarodrigueztv",
        "url": "https://www.instagram.com/p/C5eKThdNL2p/",
        "commentsCount": 132,
        "timestamp": "2024-04-07T19:08:13.000Z"
    },
    {
        "inputUrl": "https://www.instagram.com/luciarodrigueztv",
        "url": "https://www.instagram.com/p/C48GrTdtqNL/",
        "commentsCount": 5,
        "timestamp": "2024-03-25T13:38:05.000Z"
    },
    {
        "inputUrl": "https://www.instagram.com/luciarodrigueztv",
        "url": "https://www.instagram.com/p/C5qaiLNtpuR/",
        "commentsCount": 26,
        "timestamp": "2024-04-12T13:15:32.000Z"
    },
    {
        "inputUrl": "https://www.instagram.com/luciarodrigueztv",
        "url": "https://www.instagram.com/p/C46BmaotAw2/",
        "commentsCount": 4,
        "timestamp": "2024-03-24T18:20:09.000Z"
    },
    {
        "inputUrl": "https://www.instagram.com/noeliarey",
        "url": "https://www.instagram.com/p/C5jEzz6t_EU/",
        "commentsCount": 145,
        "timestamp": "2024-04-09T16:50:23.000Z"
    },
    {
        "inputUrl": "https://www.instagram.com/luciarodrigueztv",
        "url": "https://www.instagram.com/p/C45gYI7tjSH/",
        "commentsCount": 12,
        "timestamp": "2024-03-24T13:23:10.000Z"
    },
    {
        "inputUrl": "https://www.instagram.com/noeliarey",
        "url": "https://www.instagram.com/p/C45STkftvPT/",
        "commentsCount": 19,
        "timestamp": "2024-03-24T11:20:13.000Z"
    },
    {
        "inputUrl": "https://www.instagram.com/luciarodrigueztv",
        "url": "https://www.instagram.com/p/C4dKFHOtYx0/",
        "commentsCount": 74,
        "timestamp": "2024-03-13T13:10:59.000Z"
    },
    {
        "inputUrl": "https://www.instagram.com/noeliarey",
        "url": "https://www.instagram.com/p/C5RP_qVNrDO/",
        "commentsCount": 20,
        "timestamp": "2024-04-02T18:41:47.000Z"
    },
    {
        "inputUrl": "https://www.instagram.com/luciarodrigueztv",
        "url": "https://www.instagram.com/p/C3n9DqEsstg/",
        "commentsCount": 18,
        "timestamp": "2024-02-21T21:16:03.000Z"
    },
    {
        "inputUrl": "https://www.instagram.com/noeliarey",
        "url": "https://www.instagram.com/p/C4Y0P62N6vX/",
        "commentsCount": 9,
        "timestamp": "2024-03-11T20:41:52.000Z"
    },
    {
        "inputUrl": "https://www.instagram.com/luciarodrigueztv",
        "url": "https://www.instagram.com/p/C4EDpritGRE/",
        "commentsCount": 120,
        "timestamp": "2024-03-03T19:13:16.000Z"
    },
    {
        "inputUrl": "https://www.instagram.com/noeliarey",
        "url": "https://www.instagram.com/p/C46YblDt0e-/",
        "commentsCount": 15,
        "timestamp": "2024-03-24T21:43:15.000Z"
    },
    {
        "inputUrl": "https://www.instagram.com/noeliarey",
        "url": "https://www.instagram.com/p/C4Ol-PGNRnU/",
        "commentsCount": 18,
        "timestamp": "2024-03-07T21:24:43.000Z"
    },
    {
        "inputUrl": "https://www.instagram.com/luciarodrigueztv",
        "url": "https://www.instagram.com/p/C37uJLgtGGx/",
        "commentsCount": 77,
        "timestamp": "2024-02-29T13:33:13.000Z"
    },
    {
        "inputUrl": "https://www.instagram.com/noeliarey",
        "url": "https://www.instagram.com/p/C1jsPtGNQ9O/",
        "commentsCount": 44,
        "timestamp": "2024-01-01T12:29:24.000Z"
    },
    {
        "inputUrl": "https://www.instagram.com/noeliarey",
        "url": "https://www.instagram.com/p/Cy_Ulf9S2-i/",
        "commentsCount": 35,
        "timestamp": "2023-10-29T16:27:13.000Z"
    },
    {
        "inputUrl": "https://www.instagram.com/luciarodrigueztv",
        "url": "https://www.instagram.com/p/C3mtnI6tMf3/",
        "commentsCount": 84,
        "timestamp": "2024-02-21T09:41:51.000Z"
    },
    {
        "inputUrl": "https://www.instagram.com/noeliarey",
        "url": "https://www.instagram.com/p/CxQWu14I6C8/",
        "commentsCount": 32,
        "timestamp": "2023-09-16T14:10:16.000Z"
    },
    {
        "inputUrl": "https://www.instagram.com/noeliarey",
        "url": "https://www.instagram.com/p/Cy6KvRaybt7/",
        "commentsCount": 23,
        "timestamp": "2023-10-27T16:24:58.000Z"
    },
    {
        "inputUrl": "https://www.instagram.com/rocio.r.padin",
        "url": "https://www.instagram.com/p/C5n4wvsN6dE/",
        "commentsCount": 15,
        "timestamp": "2024-04-11T13:41:18.000Z"
    },
    {
        "inputUrl": "https://www.instagram.com/rocio.r.padin",
        "url": "https://www.instagram.com/p/C5vlylbN_8u/",
        "commentsCount": 4,
        "timestamp": "2024-04-14T13:30:58.000Z"
    },
    {
        "inputUrl": "https://www.instagram.com/rocio.r.padin",
        "url": "https://www.instagram.com/p/C5OEh2KNBVe/",
        "commentsCount": 4,
        "timestamp": "2024-04-01T13:08:28.000Z"
    },
    {
        "inputUrl": "https://www.instagram.com/rocio.r.padin",
        "url": "https://www.instagram.com/p/C5GXUFNtsde/",
        "commentsCount": 17,
        "timestamp": "2024-03-29T13:14:06.000Z"
    },
    {
        "inputUrl": "https://www.instagram.com/luciarodrigueztv",
        "url": "https://www.instagram.com/p/C5DxArmt812/",
        "commentsCount": 10,
        "timestamp": "2024-03-28T13:00:55.000Z"
    },
    {
        "inputUrl": "https://www.instagram.com/rocio.r.padin",
        "url": "https://www.instagram.com/p/C45CVyuNwUF/",
        "commentsCount": 41,
        "timestamp": "2024-03-24T09:04:22.000Z"
    },
    {
        "inputUrl": "https://www.instagram.com/taniaveiras",
        "url": "https://www.instagram.com/p/C5wSqF7tAT_/",
        "commentsCount": 15,
        "timestamp": "2024-04-14T20:01:31.000Z"
    },
    {
        "inputUrl": "https://www.instagram.com/esther.estevez",
        "url": "https://www.instagram.com/p/C5WrG0GMz9e/",
        "commentsCount": 22,
        "timestamp": "2024-04-04T21:14:54.000Z"
    },
    {
        "inputUrl": "https://www.instagram.com/rocio.r.padin",
        "url": "https://www.instagram.com/p/C4wAPcltxkp/",
        "commentsCount": 13,
        "timestamp": "2024-03-20T20:49:12.000Z"
    },
    {
        "inputUrl": "https://www.instagram.com/evitaiglesias",
        "url": "https://www.instagram.com/p/C5qMrNJosjC/",
        "commentsCount": 53,
        "timestamp": "2024-04-12T11:14:34.000Z"
    },
    {
        "inputUrl": "https://www.instagram.com/esther.estevez",
        "url": "https://www.instagram.com/p/C5BKh6IsVdo/",
        "commentsCount": 37,
        "timestamp": "2024-03-27T12:46:11.000Z"
    },
    {
        "inputUrl": "https://www.instagram.com/esther.estevez",
        "url": "https://www.instagram.com/p/C3IOMn8sKBO/",
        "commentsCount": 34,
        "timestamp": "2024-02-09T13:30:08.000Z"
    },
    {
        "inputUrl": "https://www.instagram.com/taniaveiras",
        "url": "https://www.instagram.com/p/C5vll0ZtAJc/",
        "commentsCount": 16,
        "timestamp": "2024-04-14T13:29:02.000Z"
    },
    {
        "inputUrl": "https://www.instagram.com/esther.estevez",
        "url": "https://www.instagram.com/p/C25nVGXMZHT/",
        "commentsCount": 18,
        "timestamp": "2024-02-03T21:21:08.000Z"
    },
    {
        "inputUrl": "https://www.instagram.com/esther.estevez",
        "url": "https://www.instagram.com/p/C1hlGuQsKnM/",
        "commentsCount": 20,
        "timestamp": "2023-12-31T16:55:09.000Z"
    },
    {
        "inputUrl": "https://www.instagram.com/taniaveiras",
        "url": "https://www.instagram.com/p/C5tqNVDteyV/",
        "commentsCount": 19,
        "timestamp": "2024-04-13T19:31:20.000Z"
    },
    {
        "inputUrl": "https://www.instagram.com/rocio.r.padin",
        "url": "https://www.instagram.com/p/C4oM-YINkVf/",
        "commentsCount": 10,
        "timestamp": "2024-03-17T20:06:32.000Z"
    },
    {
        "inputUrl": "https://www.instagram.com/esther.estevez",
        "url": "https://www.instagram.com/p/C2X_dyEsedV/",
        "commentsCount": 27,
        "timestamp": "2024-01-21T19:57:51.000Z"
    },
    {
        "inputUrl": "https://www.instagram.com/evitaiglesias",
        "url": "https://www.instagram.com/p/C5OvqeGIONJ/",
        "commentsCount": 47,
        "timestamp": "2024-04-01T19:20:48.000Z"
    },
    {
        "inputUrl": "https://www.instagram.com/taniaveiras",
        "url": "https://www.instagram.com/p/C5tNpv0NTa8/",
        "commentsCount": 14,
        "timestamp": "2024-04-13T15:20:35.000Z"
    },
    {
        "inputUrl": "https://www.instagram.com/esther.estevez",
        "url": "https://www.instagram.com/p/C0Mvh4EMZw1/",
        "commentsCount": 25,
        "timestamp": "2023-11-28T18:16:28.000Z"
    },
    {
        "inputUrl": "https://www.instagram.com/evitaiglesias",
        "url": "https://www.instagram.com/p/C5YKU6VIiuF/",
        "commentsCount": 67,
        "timestamp": "2024-04-05T11:06:57.000Z"
    },
    {
        "inputUrl": "https://www.instagram.com/rocio.r.padin",
        "url": "https://www.instagram.com/p/C242BegNyOo/",
        "commentsCount": 11,
        "timestamp": "2024-02-03T14:10:17.000Z"
    },
    {
        "inputUrl": "https://www.instagram.com/evitaiglesias",
        "url": "https://www.instagram.com/p/C484HjmIBl-/",
        "commentsCount": 99,
        "timestamp": "2024-03-25T20:48:20.000Z"
    },
    {
        "inputUrl": "https://www.instagram.com/taniaveiras",
        "url": "https://www.instagram.com/p/C5eB60mtcfs/",
        "commentsCount": 39,
        "timestamp": "2024-04-07T17:50:16.000Z"
    },
    {
        "inputUrl": "https://www.instagram.com/esther.estevez",
        "url": "https://www.instagram.com/p/CybtVxyM3oq/",
        "commentsCount": 34,
        "timestamp": "2023-10-15T20:30:52.000Z"
    },
    {
        "inputUrl": "https://www.instagram.com/rocio.r.padin",
        "url": "https://www.instagram.com/p/C1hmeMkty3e/",
        "commentsCount": 8,
        "timestamp": "2023-12-31T17:03:03.000Z"
    },
    {
        "inputUrl": "https://www.instagram.com/taniaveiras",
        "url": "https://www.instagram.com/p/C5do9wFN4na/",
        "commentsCount": 18,
        "timestamp": "2024-04-07T14:12:07.000Z"
    },
    {
        "inputUrl": "https://www.instagram.com/evitaiglesias",
        "url": "https://www.instagram.com/p/C45r6Mvo2Pd/",
        "commentsCount": 64,
        "timestamp": "2024-03-24T15:13:05.000Z"
    },
    {
        "inputUrl": "https://www.instagram.com/rocio.r.padin",
        "url": "https://www.instagram.com/p/C15SKRftv9a/",
        "commentsCount": 13,
        "timestamp": "2024-01-09T21:44:45.000Z"
    },
    {
        "inputUrl": "https://www.instagram.com/evitaiglesias",
        "url": "https://www.instagram.com/p/C40N7_pI1Cb/",
        "commentsCount": 56,
        "timestamp": "2024-03-22T12:05:50.000Z"
    },
    {
        "inputUrl": "https://www.instagram.com/evitaiglesias",
        "url": "https://www.instagram.com/p/C4aFo-_td5DKm2q8zS6Gd0nvHb0El6OnYK1e_80/",
        "commentsCount": 16,
        "timestamp": "2024-03-12T08:43:06.000Z"
    },
    {
        "inputUrl": "https://www.instagram.com/rocio.r.padin",
        "url": "https://www.instagram.com/p/C1xkGAatwBy/",
        "commentsCount": 27,
        "timestamp": "2024-01-06T21:47:32.000Z"
    },
    {
        "inputUrl": "https://www.instagram.com/rocio.r.padin",
        "url": "https://www.instagram.com/p/C4OivvotBli/",
        "commentsCount": 16,
        "timestamp": "2024-03-07T20:56:31.000Z"
    },
    {
        "inputUrl": "https://www.instagram.com/evitaiglesias",
        "url": "https://www.instagram.com/p/C4iSk1qomld/",
        "commentsCount": 61,
        "timestamp": "2024-03-15T13:00:02.000Z"
    },
    {
        "inputUrl": "https://www.instagram.com/esther.estevez",
        "url": "https://www.instagram.com/p/CxbfpJHMZ_W/",
        "commentsCount": 88,
        "timestamp": "2023-09-20T21:59:47.000Z"
    },
    {
        "inputUrl": "https://www.instagram.com/evitaiglesias",
        "url": "https://www.instagram.com/p/C4dyqM5o6Ha/",
        "commentsCount": 34,
        "timestamp": "2024-03-13T19:04:11.000Z"
    },
    {
        "inputUrl": "https://www.instagram.com/esther.estevez",
        "url": "https://www.instagram.com/p/CwvYWxusGIP/",
        "commentsCount": 57,
        "timestamp": "2023-09-03T18:49:31.000Z"
    },
    {
        "inputUrl": "https://www.instagram.com/taniaveiras",
        "url": "https://www.instagram.com/p/C5bo9SFtGP8/",
        "commentsCount": 21,
        "timestamp": "2024-04-06T19:32:48.000Z"
    },
    {
        "inputUrl": "https://www.instagram.com/taniaveiras",
        "url": "https://www.instagram.com/p/C5bCJ9fN_3T/",
        "commentsCount": 34,
        "timestamp": "2024-04-06T13:53:16.000Z"
    },
    {
        "inputUrl": "https://www.instagram.com/evitaiglesias",
        "url": "https://www.instagram.com/p/C4Vw0eWo25M/",
        "commentsCount": 31,
        "timestamp": "2024-03-10T16:14:11.000Z"
    },
    {
        "inputUrl": "https://www.instagram.com/noeliarey",
        "url": "https://www.instagram.com/p/C1iW5pEoPMi/",
        "commentsCount": 67,
        "timestamp": "2024-01-01T00:12:05.000Z"
    },
    {
        "inputUrl": "https://www.instagram.com/luciarodrigueztv",
        "url": "https://www.instagram.com/p/C3D5VYuMMV3/",
        "commentsCount": 5,
        "timestamp": "2024-02-07T21:10:52.000Z"
    },
    {
        "inputUrl": "https://www.instagram.com/taniaveiras",
        "url": "https://www.instagram.com/p/C5X1euwN0tH/",
        "commentsCount": 13,
        "timestamp": "2024-04-05T08:10:56.000Z"
    },
    {
        "inputUrl": "https://www.instagram.com/luciarodrigueztv",
        "url": "https://www.instagram.com/p/C2x5y3ms-KD/",
        "commentsCount": 5,
        "timestamp": "2024-01-31T21:28:33.000Z"
    },
    {
        "inputUrl": "https://www.instagram.com/luciarodrigueztv",
        "url": "https://www.instagram.com/p/C3GAUALMdGi/",
        "commentsCount": 4,
        "timestamp": "2024-02-08T16:56:14.000Z"
    },
    {
        "inputUrl": "https://www.instagram.com/luciarodrigueztv",
        "url": "https://www.instagram.com/p/C22o4ZuMvO5/",
        "commentsCount": 12,
        "timestamp": "2024-02-02T17:38:26.000Z"
    },
    {
        "inputUrl": "https://www.instagram.com/luciarodrigueztv",
        "url": "https://www.instagram.com/p/C2f6bassxtj/",
        "commentsCount": 11,
        "timestamp": "2024-01-24T21:47:46.000Z"
    },
    {
        "inputUrl": "https://www.instagram.com/luciarodrigueztv",
        "url": "https://www.instagram.com/p/C2kACRMsGW1/",
        "commentsCount": 12,
        "timestamp": "2024-01-26T11:55:52.000Z"
    },
    {
        "inputUrl": "https://www.instagram.com/luciarodrigueztv",
        "url": "https://www.instagram.com/p/C2-2nBvMqT_/",
        "commentsCount": 25,
        "timestamp": "2024-02-05T22:10:51.000Z"
    },
    {
        "inputUrl": "https://www.instagram.com/luciarodrigueztv",
        "url": "https://www.instagram.com/p/C2-wRgfNK5s/",
        "commentsCount": 69,
        "timestamp": "2024-02-05T21:15:29.000Z"
    },
    {
        "inputUrl": "https://www.instagram.com/taniaveiras",
        "url": "https://www.instagram.com/p/C5TJ2m2NpN7/",
        "commentsCount": 47,
        "timestamp": "2024-04-03T12:26:36.000Z"
    },
    {
        "inputUrl": "https://www.instagram.com/luciarodrigueztv",
        "url": "https://www.instagram.com/p/C2NA4buNzRa/",
        "commentsCount": 24,
        "timestamp": "2024-01-17T13:40:00.000Z"
    },
    {
        "inputUrl": "https://www.instagram.com/luciarodrigueztv",
        "url": "https://www.instagram.com/p/C2X-B_6tubB/",
        "commentsCount": 129,
        "timestamp": "2024-01-21T19:51:44.000Z"
    },
    {
        "inputUrl": "https://www.instagram.com/taniaveiras",
        "url": "https://www.instagram.com/p/C5eKqtli1mM/",
        "commentsCount": 22,
        "timestamp": "2024-04-07T19:05:22.000Z"
    },
    {
        "inputUrl": "https://www.instagram.com/evitaiglesias",
        "url": "https://www.instagram.com/p/C5azReMo3k4/",
        "commentsCount": 13,
        "timestamp": "2024-04-06T11:43:13.000Z"
    },
    {
        "inputUrl": "https://www.instagram.com/noeliarey",
        "url": "https://www.instagram.com/p/Cw3ENmnNQBo/",
        "commentsCount": 23,
        "timestamp": "2023-09-06T18:27:26.000Z"
    },
    {
        "inputUrl": "https://www.instagram.com/esther.estevez",
        "url": "https://www.instagram.com/p/CxIZnISMjy8/",
        "commentsCount": 199,
        "timestamp": "2023-09-13T12:05:32.000Z"
    },
    {
        "inputUrl": "https://www.instagram.com/luciarodrigueztv",
        "url": "https://www.instagram.com/p/C2N0gTWs7dm/",
        "commentsCount": 19,
        "timestamp": "2024-01-17T21:09:40.000Z"
    },
    {
        "inputUrl": "https://www.instagram.com/taniaveiras",
        "url": "https://www.instagram.com/p/C5RWc5_t8pC/",
        "commentsCount": 33,
        "timestamp": "2024-04-02T19:38:13.000Z"
    },
    {
        "inputUrl": "https://www.instagram.com/luciarodrigueztv",
        "url": "https://www.instagram.com/p/C4xgtEeNw_J/",
        "commentsCount": 24,
        "timestamp": "2024-03-21T10:52:46.000Z"
    },
    {
        "inputUrl": "https://www.instagram.com/evitaiglesias",
        "url": "https://www.instagram.com/p/C4QJPaxIS8E/",
        "commentsCount": 35,
        "timestamp": "2024-03-08T11:52:08.000Z"
    },
    {
        "inputUrl": "https://www.instagram.com/evitaiglesias",
        "url": "https://www.instagram.com/p/C4Ijo_movHW/",
        "commentsCount": 68,
        "timestamp": "2024-03-05T13:08:54.000Z"
    },
    {
        "inputUrl": "https://www.instagram.com/taniaveiras",
        "url": "https://www.instagram.com/p/C5K2-qGN2Iv/",
        "commentsCount": 18,
        "timestamp": "2024-03-31T07:07:45.000Z"
    },
    {
        "inputUrl": "https://www.instagram.com/taniaveiras",
        "url": "https://www.instagram.com/p/C5dTvtWt-YB/",
        "commentsCount": 26,
        "timestamp": "2024-04-07T11:05:58.000Z"
    },
    {
        "inputUrl": "https://www.instagram.com/evitaiglesias",
        "url": "https://www.instagram.com/p/C3-QbTVI452/",
        "commentsCount": 88,
        "timestamp": "2024-03-01T13:12:48.000Z"
    },
    {
        "inputUrl": "https://www.instagram.com/taniaveiras",
        "url": "https://www.instagram.com/p/C5JMiBitJ4E/",
        "commentsCount": 41,
        "timestamp": "2024-03-30T15:37:36.000Z"
    },
    {
        "inputUrl": "https://www.instagram.com/taniaveiras",
        "url": "https://www.instagram.com/p/C43CJj1NA0H/",
        "commentsCount": 27,
        "timestamp": "2024-03-23T14:22:12.000Z"
    },
    {
        "inputUrl": "https://www.instagram.com/evitaiglesias",
        "url": "https://www.instagram.com/p/C3sLa2UIz3h/",
        "commentsCount": 25,
        "timestamp": "2024-02-23T12:38:31.000Z"
    },
    {
        "inputUrl": "https://www.instagram.com/taniaveiras",
        "url": "https://www.instagram.com/p/C45n3GoNo1U/",
        "commentsCount": 31,
        "timestamp": "2024-03-24T14:29:51.000Z"
    },
    {
        "inputUrl": "https://www.instagram.com/evitaiglesias",
        "url": "https://www.instagram.com/p/C30A41doOaR/",
        "commentsCount": 8,
        "timestamp": "2024-02-26T13:40:25.000Z"
    },
    {
        "inputUrl": "https://www.instagram.com/taniaveiras",
        "url": "https://www.instagram.com/p/C41GKuENi0m/",
        "commentsCount": 9,
        "timestamp": "2024-03-22T20:18:31.000Z"
    },
    {
        "inputUrl": "https://www.instagram.com/evitaiglesias",
        "url": "https://www.instagram.com/p/C3isgFjoYMm/",
        "commentsCount": 157,
        "timestamp": "2024-02-19T20:15:11.000Z"
    },
    {
        "inputUrl": "https://www.instagram.com/evitaiglesias",
        "url": "https://www.instagram.com/p/C3aISfwoU5t/",
        "commentsCount": 60,
        "timestamp": "2024-02-16T12:24:50.000Z"
    },
    {
        "inputUrl": "https://www.instagram.com/evitaiglesias",
        "url": "https://www.instagram.com/p/C3Kty3XovKu/",
        "commentsCount": 33,
        "timestamp": "2024-02-10T12:44:43.000Z"
    },
    {
        "inputUrl": "https://www.instagram.com/evitaiglesias",
        "url": "https://www.instagram.com/p/C3FnjlEIg2d/",
        "commentsCount": 27,
        "timestamp": "2024-02-08T13:16:10.000Z"
    },
    {
        "inputUrl": "https://www.instagram.com/noeliarey",
        "url": "https://www.instagram.com/p/CyqqTCASPyf/",
        "commentsCount": 15,
        "timestamp": "2023-10-21T15:52:53.000Z"
    },
    {
        "inputUrl": "https://www.instagram.com/taniaveiras",
        "url": "https://www.instagram.com/p/C4uvaI5N5Cs/",
        "commentsCount": 26,
        "timestamp": "2024-03-20T09:02:52.000Z"
    },
    {
        "inputUrl": "https://www.instagram.com/taniaveiras",
        "url": "https://www.instagram.com/p/C40gCo4N406/",
        "commentsCount": 6,
        "timestamp": "2024-03-22T14:46:03.000Z"
    },
    {
        "inputUrl": "https://www.instagram.com/luciarodrigueztv",
        "url": "https://www.instagram.com/p/C2NdDL4MIoz/",
        "commentsCount": 16,
        "timestamp": "2024-01-17T17:54:50.000Z"
    },
    {
        "inputUrl": "https://www.instagram.com/taniaveiras",
        "url": "https://www.instagram.com/p/C4sc4y0NTyi/",
        "commentsCount": 19,
        "timestamp": "2024-03-19T11:46:18.000Z"
    },
    {
        "inputUrl": "https://www.instagram.com/evitaiglesias",
        "url": "https://www.instagram.com/p/C22KjveITjL/",
        "commentsCount": 60,
        "timestamp": "2024-02-02T13:12:00.000Z"
    },
    {
        "inputUrl": "https://www.instagram.com/evitaiglesias",
        "url": "https://www.instagram.com/p/C2vF-5_IcJu/",
        "commentsCount": 45,
        "timestamp": "2024-01-30T19:17:20.000Z"
    },
    {
        "inputUrl": "https://www.instagram.com/taniaveiras",
        "url": "https://www.instagram.com/p/C4oEGZNt5Tm/",
        "commentsCount": 8,
        "timestamp": "2024-03-17T18:51:15.000Z"
    },
    {
        "inputUrl": "https://www.instagram.com/evitaiglesias",
        "url": "https://www.instagram.com/p/C2stXyHo448/",
        "commentsCount": 46,
        "timestamp": "2024-01-29T21:03:48.000Z"
    },
    {
        "inputUrl": "https://www.instagram.com/taniaveiras",
        "url": "https://www.instagram.com/p/C4piUBiN_d9/",
        "commentsCount": 2,
        "timestamp": "2024-03-18T08:33:20.000Z"
    },
    {
        "inputUrl": "https://www.instagram.com/taniaveiras",
        "url": "https://www.instagram.com/p/C4nx-Odow23/",
        "commentsCount": 13,
        "timestamp": "2024-03-17T16:10:35.000Z"
    },
    {
        "inputUrl": "https://www.instagram.com/luciarodrigueztv",
        "url": "https://www.instagram.com/p/C19ycdisBXl/",
        "commentsCount": 7,
        "timestamp": "2024-01-11T15:45:25.000Z"
    },
    {
        "inputUrl": "https://www.instagram.com/luciarodrigueztv",
        "url": "https://www.instagram.com/p/C1pL9mNMeP4/",
        "commentsCount": 8,
        "timestamp": "2024-01-03T15:44:03.000Z"
    },
    {
        "inputUrl": "https://www.instagram.com/luciarodrigueztv",
        "url": "https://www.instagram.com/p/C17zaRBsG9v/",
        "commentsCount": 18,
        "timestamp": "2024-01-10T21:13:47.000Z"
    },
    {
        "inputUrl": "https://www.instagram.com/luciarodrigueztv",
        "url": "https://www.instagram.com/p/C2GBbpPNGB9/",
        "commentsCount": 50,
        "timestamp": "2024-01-14T20:37:44.000Z"
    },
    {
        "inputUrl": "https://www.instagram.com/luciarodrigueztv",
        "url": "https://www.instagram.com/p/C0zsgP1MXR2/",
        "commentsCount": 12,
        "timestamp": "2023-12-13T21:08:07.000Z"
    },
    {
        "inputUrl": "https://www.instagram.com/luciarodrigueztv",
        "url": "https://www.instagram.com/p/C01cnauMT23/",
        "commentsCount": 17,
        "timestamp": "2023-12-14T13:28:38.000Z"
    },
    {
        "inputUrl": "https://www.instagram.com/luciarodrigueztv",
        "url": "https://www.instagram.com/p/C0wR8bQN4NK/",
        "commentsCount": 18,
        "timestamp": "2023-12-12T13:19:57.000Z"
    },
    {
        "inputUrl": "https://www.instagram.com/luciarodrigueztv",
        "url": "https://www.instagram.com/p/C0RVfzCs4lV/",
        "commentsCount": 3,
        "timestamp": "2023-11-30T12:56:11.000Z"
    },
    {
        "inputUrl": "https://www.instagram.com/luciarodrigueztv",
        "url": "https://www.instagram.com/p/C0jxr8Xs3XQ/",
        "commentsCount": 6,
        "timestamp": "2023-12-07T16:46:28.000Z"
    },
    {
        "inputUrl": "https://www.instagram.com/luciarodrigueztv",
        "url": "https://www.instagram.com/p/C0hryRpsETM/",
        "commentsCount": 22,
        "timestamp": "2023-12-06T21:15:30.000Z"
    },
    {
        "inputUrl": "https://www.instagram.com/evitaiglesias",
        "url": "https://www.instagram.com/p/C28IWYAIBkp/",
        "commentsCount": 30,
        "timestamp": "2024-02-04T20:48:09.000Z"
    },
    {
        "inputUrl": "https://www.instagram.com/luciarodrigueztv",
        "url": "https://www.instagram.com/p/C1hp-zYt99H/",
        "commentsCount": 18,
        "timestamp": "2023-12-31T17:31:34.000Z"
    },
    {
        "inputUrl": "https://www.instagram.com/evitaiglesias",
        "url": "https://www.instagram.com/p/C2X33E8opXH/",
        "commentsCount": 65,
        "timestamp": "2024-01-21T18:51:24.000Z"
    },
    {
        "inputUrl": "https://www.instagram.com/evitaiglesias",
        "url": "https://www.instagram.com/p/C2SBo_So922/",
        "commentsCount": 31,
        "timestamp": "2024-01-19T12:21:25.000Z"
    },
    {
        "inputUrl": "https://www.instagram.com/evitaiglesias",
        "url": "https://www.instagram.com/p/C2IhvINoAMr/",
        "commentsCount": 25,
        "timestamp": "2024-01-15T19:49:28.000Z"
    },
    {
        "inputUrl": "https://www.instagram.com/evitaiglesias",
        "url": "https://www.instagram.com/p/C1J_LXioYWG/",
        "commentsCount": 59,
        "timestamp": "2023-12-22T12:54:35.000Z"
    },
    {
        "inputUrl": "https://www.instagram.com/evitaiglesias",
        "url": "https://www.instagram.com/p/C1PYVr2IeiX/",
        "commentsCount": 25,
        "timestamp": "2023-12-24T15:10:39.000Z"
    },
    {
        "inputUrl": "https://www.instagram.com/evitaiglesias",
        "url": "https://www.instagram.com/p/C2AG8gLNkZN/",
        "commentsCount": 32,
        "timestamp": "2024-01-12T13:21:27.000Z"
    },
    {
        "inputUrl": "https://www.instagram.com/evitaiglesias",
        "url": "https://www.instagram.com/p/C1b-PWjofE7/",
        "commentsCount": 38,
        "timestamp": "2023-12-29T12:32:43.000Z"
    },
    {
        "inputUrl": "https://www.instagram.com/evitaiglesias",
        "url": "https://www.instagram.com/p/C0942HoouDj/",
        "commentsCount": 58,
        "timestamp": "2023-12-17T20:12:50.000Z"
    },
    {
        "inputUrl": "https://www.instagram.com/evitaiglesias",
        "url": "https://www.instagram.com/p/C2kNMW4I_AU/",
        "commentsCount": 50,
        "timestamp": "2024-01-26T13:48:42.000Z"
    },
    {
        "inputUrl": "https://www.instagram.com/taniaveiras",
        "url": "https://www.instagram.com/p/C4hsGLetlIx/",
        "commentsCount": 22,
        "timestamp": "2024-03-15T07:23:48.000Z"
    },
    {
        "inputUrl": "https://www.instagram.com/taniaveiras",
        "url": "https://www.instagram.com/p/C4P6JCrNmSg/",
        "commentsCount": 4,
        "timestamp": "2024-03-08T09:44:50.000Z"
    },
    {
        "inputUrl": "https://www.instagram.com/luciarodrigueztv",
        "url": "https://www.instagram.com/p/C0RaqcetAIS/",
        "commentsCount": 28,
        "timestamp": "2023-11-30T13:44:07.000Z"
    },
    {
        "inputUrl": "https://www.instagram.com/taniaveiras",
        "url": "https://www.instagram.com/p/C4cs8b1NODY/",
        "commentsCount": 30,
        "timestamp": "2024-03-13T08:58:51.000Z"
    },
    {
        "inputUrl": "https://www.instagram.com/taniaveiras",
        "url": "https://www.instagram.com/p/C4d6Owstv7n/",
        "commentsCount": 14,
        "timestamp": "2024-03-13T20:12:34.000Z"
    },
    {
        "inputUrl": "https://www.instagram.com/taniaveiras",
        "url": "https://www.instagram.com/p/C4TjB0ItPo4/",
        "commentsCount": 34,
        "timestamp": "2024-03-09T19:37:32.000Z"
    },
    {
        "inputUrl": "https://www.instagram.com/taniaveiras",
        "url": "https://www.instagram.com/p/C4NdcUKNpdk/",
        "commentsCount": 15,
        "timestamp": "2024-03-07T10:55:45.000Z"
    },
    {
        "inputUrl": "https://www.instagram.com/taniaveiras",
        "url": "https://www.instagram.com/p/C4WWhtaN1I5/",
        "commentsCount": 9,
        "timestamp": "2024-03-10T21:43:40.000Z"
    },
    {
        "inputUrl": "https://www.instagram.com/taniaveiras",
        "url": "https://www.instagram.com/p/C4Y2lfcN6dR/",
        "commentsCount": 11,
        "timestamp": "2024-03-11T21:03:18.000Z"
    },
    {
        "inputUrl": "https://www.instagram.com/taniaveiras",
        "url": "https://www.instagram.com/p/C4TBETGNE6U/",
        "commentsCount": 88,
        "timestamp": "2024-03-09T14:43:33.000Z"
    },
    {
        "inputUrl": "https://www.instagram.com/evitaiglesias",
        "url": "https://www.instagram.com/p/C0rxBJpogh-/",
        "commentsCount": 23,
        "timestamp": "2023-12-10T19:23:45.000Z"
    },
    {
        "inputUrl": "https://www.instagram.com/luciarodrigueztv",
        "url": "https://www.instagram.com/p/C0PoDTxMEJy/",
        "commentsCount": 16,
        "timestamp": "2023-11-29T20:56:33.000Z"
    },
    {
        "inputUrl": "https://www.instagram.com/taniaveiras",
        "url": "https://www.instagram.com/p/C4lCkObNxG7/",
        "commentsCount": 17,
        "timestamp": "2024-03-16T14:40:25.000Z"
    },
    {
        "inputUrl": "https://www.instagram.com/evitaiglesias",
        "url": "https://www.instagram.com/p/C039rw1I4n5/",
        "commentsCount": 58,
        "timestamp": "2023-12-15T12:55:12.000Z"
    },
    {
        "inputUrl": "https://www.instagram.com/evitaiglesias",
        "url": "https://www.instagram.com/p/C0mIsh_ox3w/",
        "commentsCount": 37,
        "timestamp": "2023-12-08T14:45:05.000Z"
    },
    {
        "inputUrl": "https://www.instagram.com/luciarodrigueztv",
        "url": "https://www.instagram.com/p/CzZd_ecswqx/",
        "commentsCount": 9,
        "timestamp": "2023-11-08T20:09:39.000Z"
    },
    {
        "inputUrl": "https://www.instagram.com/luciarodrigueztv",
        "url": "https://www.instagram.com/p/Czrd4icMmZ3/",
        "commentsCount": 9,
        "timestamp": "2023-11-15T19:55:02.000Z"
    },
    {
        "inputUrl": "https://www.instagram.com/luciarodrigueztv",
        "url": "https://www.instagram.com/p/CzHiZNCMvw-/",
        "commentsCount": 13,
        "timestamp": "2023-11-01T21:01:48.000Z"
    },
    {
        "inputUrl": "https://www.instagram.com/luciarodrigueztv",
        "url": "https://www.instagram.com/p/CzcL8IFsRjB/",
        "commentsCount": 15,
        "timestamp": "2023-11-09T21:32:25.000Z"
    },
    {
        "inputUrl": "https://www.instagram.com/luciarodrigueztv",
        "url": "https://www.instagram.com/p/C0JotCfNRM1/",
        "commentsCount": 63,
        "timestamp": "2023-11-27T13:08:39.000Z"
    },
    {
        "inputUrl": "https://www.instagram.com/luciarodrigueztv",
        "url": "https://www.instagram.com/p/Cz3m_18tzkW/",
        "commentsCount": 103,
        "timestamp": "2023-11-20T13:15:52.000Z"
    },
    {
        "inputUrl": "https://www.instagram.com/luciarodrigueztv",
        "url": "https://www.instagram.com/p/CzlmlOONQO6/",
        "commentsCount": 60,
        "timestamp": "2023-11-13T13:21:33.000Z"
    },
    {
        "inputUrl": "https://www.instagram.com/rocio.r.padin",
        "url": "https://www.instagram.com/p/Cz8359yt85W/",
        "commentsCount": 20,
        "timestamp": "2023-11-22T14:09:31.000Z"
    },
    {
        "inputUrl": "https://www.instagram.com/luciarodrigueztv",
        "url": "https://www.instagram.com/p/CzCFg8hNcYH/",
        "commentsCount": 212,
        "timestamp": "2023-10-30T18:13:14.000Z"
    },
    {
        "inputUrl": "https://www.instagram.com/taniaveiras",
        "url": "https://www.instagram.com/p/C4Vjib-tf4X/",
        "commentsCount": 34,
        "timestamp": "2024-03-10T14:24:58.000Z"
    },
    {
        "inputUrl": "https://www.instagram.com/rocio.r.padin",
        "url": "https://www.instagram.com/p/C1IY9oENjG7/",
        "commentsCount": 7,
        "timestamp": "2023-12-21T22:01:25.000Z"
    },
    {
        "inputUrl": "https://www.instagram.com/rocio.r.padin",
        "url": "https://www.instagram.com/p/CyjesGcMAvU/",
        "commentsCount": 18,
        "timestamp": "2023-10-18T20:56:46.000Z"
    },
    {
        "inputUrl": "https://www.instagram.com/rocio.r.padin",
        "url": "https://www.instagram.com/p/C0B_SoUNQ3f/",
        "commentsCount": 9,
        "timestamp": "2023-11-24T13:50:15.000Z"
    },
    {
        "inputUrl": "https://www.instagram.com/rocio.r.padin",
        "url": "https://www.instagram.com/p/Cz1-zkENt1A/",
        "commentsCount": 11,
        "timestamp": "2023-11-19T21:55:07.000Z"
    },
    {
        "inputUrl": "https://www.instagram.com/rocio.r.padin",
        "url": "https://www.instagram.com/p/CzGygM_tQ7e/",
        "commentsCount": 7,
        "timestamp": "2023-11-01T14:03:38.000Z"
    },
    {
        "inputUrl": "https://www.instagram.com/rocio.r.padin",
        "url": "https://www.instagram.com/p/CzPOjcism88/",
        "commentsCount": 10,
        "timestamp": "2023-11-04T20:42:21.000Z"
    },
    {
        "inputUrl": "https://www.instagram.com/rocio.r.padin",
        "url": "https://www.instagram.com/p/CzTpPu1N4mb/",
        "commentsCount": 18,
        "timestamp": "2023-11-06T13:52:33.000Z"
    },
    {
        "inputUrl": "https://www.instagram.com/evitaiglesias",
        "url": "https://www.instagram.com/p/C0buPbSIZMj/",
        "commentsCount": 34,
        "timestamp": "2023-12-04T13:41:31.000Z"
    },
    {
        "inputUrl": "https://www.instagram.com/rocio.r.padin",
        "url": "https://www.instagram.com/p/CyXzKOEsGIt/",
        "commentsCount": 2,
        "timestamp": "2023-10-14T08:04:45.000Z"
    },
    {
        "inputUrl": "https://www.instagram.com/rocio.r.padin",
        "url": "https://www.instagram.com/p/CyVDZ4yMaTS/",
        "commentsCount": 6,
        "timestamp": "2023-10-13T06:28:59.000Z"
    },
    {
        "inputUrl": "https://www.instagram.com/taniaveiras",
        "url": "https://www.instagram.com/p/C4BQ2aktzSk/",
        "commentsCount": 9,
        "timestamp": "2024-03-02T17:22:52.000Z"
    },
    {
        "inputUrl": "https://www.instagram.com/rocio.r.padin",
        "url": "https://www.instagram.com/p/CybxwA_Mvu1/",
        "commentsCount": 13,
        "timestamp": "2023-10-15T21:09:45.000Z"
    },
    {
        "inputUrl": "https://www.instagram.com/evitaiglesias",
        "url": "https://www.instagram.com/p/C0HtLtYom2c/",
        "commentsCount": 79,
        "timestamp": "2023-11-26T19:07:28.000Z"
    },
    {
        "inputUrl": "https://www.instagram.com/evitaiglesias",
        "url": "https://www.instagram.com/p/CzepE8kIUmN/",
        "commentsCount": 14,
        "timestamp": "2023-11-10T20:22:44.000Z"
    },
    {
        "inputUrl": "https://www.instagram.com/evitaiglesias",
        "url": "https://www.instagram.com/p/Cz6w5ONIdYd/",
        "commentsCount": 55,
        "timestamp": "2023-11-21T18:30:36.000Z"
    },
    {
        "inputUrl": "https://www.instagram.com/evitaiglesias",
        "url": "https://www.instagram.com/p/CzwuwfzIxlL/",
        "commentsCount": 34,
        "timestamp": "2023-11-17T20:58:41.000Z"
    },
    {
        "inputUrl": "https://www.instagram.com/evitaiglesias",
        "url": "https://www.instagram.com/p/CzHdqQfI5jX/",
        "commentsCount": 354,
        "timestamp": "2023-11-01T20:20:26.000Z"
    },
    {
        "inputUrl": "https://www.instagram.com/taniaveiras",
        "url": "https://www.instagram.com/p/C33J2DnNIG8/",
        "commentsCount": 7,
        "timestamp": "2024-02-27T18:56:24.000Z"
    },
    {
        "inputUrl": "https://www.instagram.com/evitaiglesias",
        "url": "https://www.instagram.com/p/CzMoElDI5c2/",
        "commentsCount": 51,
        "timestamp": "2023-11-03T20:27:36.000Z"
    },
    {
        "inputUrl": "https://www.instagram.com/evitaiglesias",
        "url": "https://www.instagram.com/p/CyWc-SfImNU/",
        "commentsCount": 39,
        "timestamp": "2023-10-13T19:31:38.000Z"
    },
    {
        "inputUrl": "https://www.instagram.com/evitaiglesias",
        "url": "https://www.instagram.com/p/CyqTlcqoJ7A/",
        "commentsCount": 8,
        "timestamp": "2023-10-21T12:34:25.000Z"
    },
    {
        "inputUrl": "https://www.instagram.com/taniaveiras",
        "url": "https://www.instagram.com/p/C4BuUuBtFQ5/",
        "commentsCount": 32,
        "timestamp": "2024-03-02T21:27:34.000Z"
    },
    {
        "inputUrl": "https://www.instagram.com/taniaveiras",
        "url": "https://www.instagram.com/p/C4A6bfAtpvB/",
        "commentsCount": 23,
        "timestamp": "2024-03-02T14:25:24.000Z"
    },
    {
        "inputUrl": "https://www.instagram.com/taniaveiras",
        "url": "https://www.instagram.com/p/C4Dj1Tlt-ul/",
        "commentsCount": 34,
        "timestamp": "2024-03-03T14:39:39.000Z"
    },
    {
        "inputUrl": "https://www.instagram.com/luciarodrigueztv",
        "url": "https://www.instagram.com/p/Cz9exgrsAPd/",
        "commentsCount": 15,
        "timestamp": "2023-11-22T19:49:09.000Z"
    },
    {
        "inputUrl": "https://www.instagram.com/taniaveiras",
        "url": "https://www.instagram.com/p/C37r87_ti5r/",
        "commentsCount": 9,
        "timestamp": "2024-02-29T13:15:49.000Z"
    },
    {
        "inputUrl": "https://www.instagram.com/luciarodrigueztv",
        "url": "https://www.instagram.com/p/Cz_gXRxtzKH/",
        "commentsCount": 10,
        "timestamp": "2023-11-23T14:43:46.000Z"
    },
    {
        "inputUrl": "https://www.instagram.com/taniaveiras",
        "url": "https://www.instagram.com/p/C35_16lNpOF/",
        "commentsCount": 13,
        "timestamp": "2024-02-28T21:30:48.000Z"
    },
    {
        "inputUrl": "https://www.instagram.com/taniaveiras",
        "url": "https://www.instagram.com/p/C32Ti3JtIlk/",
        "commentsCount": 52,
        "timestamp": "2024-02-27T11:05:04.000Z"
    },
    {
        "inputUrl": "https://www.instagram.com/taniaveiras",
        "url": "https://www.instagram.com/p/C4lpmSwtgEA/",
        "commentsCount": 33,
        "timestamp": "2024-03-16T20:18:56.000Z"
    },
    {
        "inputUrl": "https://www.instagram.com/luciarodrigueztv",
        "url": "https://www.instagram.com/p/Czt8HMNNNrK/",
        "commentsCount": 106,
        "timestamp": "2023-11-16T18:57:52.000Z"
    },
    {
        "inputUrl": "https://www.instagram.com/taniaveiras",
        "url": "https://www.instagram.com/p/C38bfi0N9Yb/",
        "commentsCount": 56,
        "timestamp": "2024-02-29T20:06:49.000Z"
    },
    {
        "inputUrl": "https://www.instagram.com/evitaiglesias",
        "url": "https://www.instagram.com/p/C0B74BPIbo5/",
        "commentsCount": 23,
        "timestamp": "2023-11-24T13:48:18.000Z"
    },
    {
        "inputUrl": "https://www.instagram.com/evitaiglesias",
        "url": "https://www.instagram.com/p/CyV1NFgMaEc/",
        "commentsCount": 38,
        "timestamp": "2023-10-13T13:47:30.000Z"
    },
    {
        "inputUrl": "https://www.instagram.com/evitaiglesias",
        "url": "https://www.instagram.com/p/Cy6eMoLoMuo/",
        "commentsCount": 38,
        "timestamp": "2023-10-27T19:15:00.000Z"
    },
    {
        "inputUrl": "https://www.instagram.com/evitaiglesias",
        "url": "https://www.instagram.com/p/C0UBDTgIW2e/",
        "commentsCount": 54,
        "timestamp": "2023-12-01T13:51:58.000Z"
    },
    {
        "inputUrl": "https://www.instagram.com/taniaveiras",
        "url": "https://www.instagram.com/p/C3-M05bNZsr/",
        "commentsCount": 6,
        "timestamp": "2024-03-01T12:40:58.000Z"
    },
    {
        "inputUrl": "https://www.instagram.com/evitaiglesias",
        "url": "https://www.instagram.com/p/Cxk8otwor2O/",
        "commentsCount": 25,
        "timestamp": "2023-09-24T14:06:17.000Z"
    },
    {
        "inputUrl": "https://www.instagram.com/evitaiglesias",
        "url": "https://www.instagram.com/p/CyJombooySH/",
        "commentsCount": 44,
        "timestamp": "2023-10-08T20:03:07.000Z"
    },
    {
        "inputUrl": "https://www.instagram.com/evitaiglesias",
        "url": "https://www.instagram.com/p/CyEaCppo4C7/",
        "commentsCount": 69,
        "timestamp": "2023-10-06T19:19:42.000Z"
    },
    {
        "inputUrl": "https://www.instagram.com/taniaveiras",
        "url": "https://www.instagram.com/p/C3nBn2xthHK/",
        "commentsCount": 14,
        "timestamp": "2024-02-21T13:02:47.000Z"
    },
    {
        "inputUrl": "https://www.instagram.com/evitaiglesias",
        "url": "https://www.instagram.com/p/CxgZWvMIkf3/",
        "commentsCount": 32,
        "timestamp": "2023-09-22T19:41:02.000Z"
    },
    {
        "inputUrl": "https://www.instagram.com/taniaveiras",
        "url": "https://www.instagram.com/p/C3yIFo-NtXI/",
        "commentsCount": 34,
        "timestamp": "2024-02-25T20:30:30.000Z"
    },
    {
        "inputUrl": "https://www.instagram.com/evitaiglesias",
        "url": "https://www.instagram.com/p/CxBXN7utWc-/",
        "commentsCount": 22,
        "timestamp": "2023-09-10T18:25:54.000Z"
    },
    {
        "inputUrl": "https://www.instagram.com/taniaveiras",
        "url": "https://www.instagram.com/p/C4AR1vANQTz/",
        "commentsCount": 9,
        "timestamp": "2024-03-02T07:59:26.000Z"
    },
    {
        "inputUrl": "https://www.instagram.com/evitaiglesias",
        "url": "https://www.instagram.com/p/CxySf09N42s/",
        "commentsCount": 38,
        "timestamp": "2023-09-29T18:27:26.000Z"
    },
    {
        "inputUrl": "https://www.instagram.com/taniaveiras",
        "url": "https://www.instagram.com/p/C3lQyFcNUY0/",
        "commentsCount": 2,
        "timestamp": "2024-02-20T20:16:29.000Z"
    },
    {
        "inputUrl": "https://www.instagram.com/taniaveiras",
        "url": "https://www.instagram.com/p/C3xhcDPNTf6/",
        "commentsCount": 19,
        "timestamp": "2024-02-25T14:29:03.000Z"
    },
    {
        "inputUrl": "https://www.instagram.com/taniaveiras",
        "url": "https://www.instagram.com/p/C3sTGuItLHc/",
        "commentsCount": 11,
        "timestamp": "2024-02-23T13:49:09.000Z"
    },
    {
        "inputUrl": "https://www.instagram.com/taniaveiras",
        "url": "https://www.instagram.com/p/C3m0_FKtJSQ/",
        "commentsCount": 8,
        "timestamp": "2024-02-21T10:49:16.000Z"
    },
    {
        "inputUrl": "https://www.instagram.com/taniaveiras",
        "url": "https://www.instagram.com/p/C3iFE7NNb-4/",
        "commentsCount": 3,
        "timestamp": "2024-02-19T14:35:48.000Z"
    },
    {
        "inputUrl": "https://www.instagram.com/taniaveiras",
        "url": "https://www.instagram.com/p/C3kByGEN3Jo/",
        "commentsCount": 2,
        "timestamp": "2024-02-20T08:50:27.000Z"
    },
    {
        "inputUrl": "https://www.instagram.com/taniaveiras",
        "url": "https://www.instagram.com/p/C3dlptmtbsk/",
        "commentsCount": 26,
        "timestamp": "2024-02-17T20:39:08.000Z"
    },
    {
        "inputUrl": "https://www.instagram.com/taniaveiras",
        "url": "https://www.instagram.com/p/C3fe5LUN3tx/",
        "commentsCount": 13,
        "timestamp": "2024-02-18T14:19:24.000Z"
    },
    {
        "inputUrl": "https://www.instagram.com/taniaveiras",
        "url": "https://www.instagram.com/p/C3gFQIWtGd3/",
        "commentsCount": 13,
        "timestamp": "2024-02-18T20:10:34.000Z"
    },
    {
        "inputUrl": "https://www.instagram.com/evitaiglesias",
        "url": "https://www.instagram.com/p/CxOW0zpoTPi/",
        "commentsCount": 21,
        "timestamp": "2023-09-15T19:32:36.000Z"
    },
    {
        "inputUrl": "https://www.instagram.com/taniaveiras",
        "url": "https://www.instagram.com/p/C4EGOjnNaf7/",
        "commentsCount": 27,
        "timestamp": "2024-03-03T19:34:55.000Z"
    },
    {
        "inputUrl": "https://www.instagram.com/evitaiglesias",
        "url": "https://www.instagram.com/p/CwyCJtpowC6/",
        "commentsCount": 63,
        "timestamp": "2023-09-04T19:33:13.000Z"
    },
    {
        "inputUrl": "https://www.instagram.com/evitaiglesias",
        "url": "https://www.instagram.com/p/Cx3gManoyOz/",
        "commentsCount": 38,
        "timestamp": "2023-10-01T19:03:20.000Z"
    },
    {
        "inputUrl": "https://www.instagram.com/luciarodrigueztv",
        "url": "https://www.instagram.com/p/CzBnCW-Mt2X/",
        "commentsCount": 5,
        "timestamp": "2023-10-30T13:50:40.000Z"
    },
    {
        "inputUrl": "https://www.instagram.com/luciarodrigueztv",
        "url": "https://www.instagram.com/p/Cytel_ZMrkQ/",
        "commentsCount": 7,
        "timestamp": "2023-10-22T18:08:20.000Z"
    },
    {
        "inputUrl": "https://www.instagram.com/rocio.r.padin",
        "url": "https://www.instagram.com/p/C1SpjINtCC6/",
        "commentsCount": 8,
        "timestamp": "2023-12-25T21:43:18.000Z"
    },
    {
        "inputUrl": "https://www.instagram.com/luciarodrigueztv",
        "url": "https://www.instagram.com/p/Cy1ZmBxsqeK/",
        "commentsCount": 22,
        "timestamp": "2023-10-25T19:58:34.000Z"
    },
    {
        "inputUrl": "https://www.instagram.com/taniaveiras",
        "url": "https://www.instagram.com/p/C3vDLHHNJha/",
        "commentsCount": 33,
        "timestamp": "2024-02-24T15:26:42.000Z"
    },
    {
        "inputUrl": "https://www.instagram.com/luciarodrigueztv",
        "url": "https://www.instagram.com/p/CyjcIvYsG25/",
        "commentsCount": 26,
        "timestamp": "2023-10-18T20:34:27.000Z"
    },
    {
        "inputUrl": "https://www.instagram.com/luciarodrigueztv",
        "url": "https://www.instagram.com/p/Cygs5aCst_B/",
        "commentsCount": 21,
        "timestamp": "2023-10-17T19:03:11.000Z"
    },
    {
        "inputUrl": "https://www.instagram.com/luciarodrigueztv",
        "url": "https://www.instagram.com/p/Cync2upsWZT/",
        "commentsCount": 6,
        "timestamp": "2023-10-20T10:00:13.000Z"
    },
    {
        "inputUrl": "https://www.instagram.com/evitaiglesias",
        "url": "https://www.instagram.com/p/CxQxAkIoCXQ/",
        "commentsCount": 26,
        "timestamp": "2023-09-16T18:00:54.000Z"
    },
    {
        "inputUrl": "https://www.instagram.com/luciarodrigueztv",
        "url": "https://www.instagram.com/p/CySzpDnsPom/",
        "commentsCount": 20,
        "timestamp": "2023-10-12T09:42:03.000Z"
    },
    {
        "inputUrl": "https://www.instagram.com/luciarodrigueztv",
        "url": "https://www.instagram.com/p/CybfrpEM6PI/",
        "commentsCount": 18,
        "timestamp": "2023-10-15T18:31:31.000Z"
    },
    {
        "inputUrl": "https://www.instagram.com/luciarodrigueztv",
        "url": "https://www.instagram.com/p/Cy_ujy-tycY/",
        "commentsCount": 160,
        "timestamp": "2023-10-29T20:14:11.000Z"
    },
    {
        "inputUrl": "https://www.instagram.com/luciarodrigueztv",
        "url": "https://www.instagram.com/p/Cx_R44htlsu/",
        "commentsCount": 63,
        "timestamp": "2023-10-04T19:32:15.000Z"
    },
    {
        "inputUrl": "https://www.instagram.com/taniaveiras",
        "url": "https://www.instagram.com/p/C3ZwZv7tqM8/",
        "commentsCount": 15,
        "timestamp": "2024-02-16T08:59:42.000Z"
    },
    {
        "inputUrl": "https://www.instagram.com/luciarodrigueztv",
        "url": "https://www.instagram.com/p/CyBpQW8tWxA/",
        "commentsCount": 28,
        "timestamp": "2023-10-05T17:37:33.000Z"
    },
    {
        "inputUrl": "https://www.instagram.com/taniaveiras",
        "url": "https://www.instagram.com/p/C3c8XwUtApL/",
        "commentsCount": 14,
        "timestamp": "2024-02-17T14:42:22.000Z"
    },
    {
        "inputUrl": "https://www.instagram.com/taniaveiras",
        "url": "https://www.instagram.com/p/C3SIgUdt569/",
        "commentsCount": 23,
        "timestamp": "2024-02-13T09:53:03.000Z"
    },
    {
        "inputUrl": "https://www.instagram.com/taniaveiras",
        "url": "https://www.instagram.com/p/C3YKUK7tlAT/",
        "commentsCount": 13,
        "timestamp": "2024-02-15T18:04:03.000Z"
    },
    {
        "inputUrl": "https://www.instagram.com/taniaveiras",
        "url": "https://www.instagram.com/p/C3cP39uNdG9/",
        "commentsCount": 12,
        "timestamp": "2024-02-17T08:13:35.000Z"
    },
    {
        "inputUrl": "https://www.instagram.com/taniaveiras",
        "url": "https://www.instagram.com/p/C3LejghNsGw/",
        "commentsCount": 14,
        "timestamp": "2024-02-10T19:54:32.000Z"
    },
    {
        "inputUrl": "https://www.instagram.com/taniaveiras",
        "url": "https://www.instagram.com/p/C3Tgad7NLMe/",
        "commentsCount": 22,
        "timestamp": "2024-02-13T22:40:57.000Z"
    },
    {
        "inputUrl": "https://www.instagram.com/taniaveiras",
        "url": "https://www.instagram.com/p/C3KYIbAtma-/",
        "commentsCount": 1,
        "timestamp": "2024-02-10T09:38:08.000Z"
    },
    {
        "inputUrl": "https://www.instagram.com/taniaveiras",
        "url": "https://www.instagram.com/p/C3NjRogNMqV/",
        "commentsCount": 15,
        "timestamp": "2024-02-11T15:12:19.000Z"
    },
    {
        "inputUrl": "https://www.instagram.com/taniaveiras",
        "url": "https://www.instagram.com/p/C3K2PXjNGpY/",
        "commentsCount": 32,
        "timestamp": "2024-02-10T14:00:23.000Z"
    },
    {
        "inputUrl": "https://www.instagram.com/luciarodrigueztv",
        "url": "https://www.instagram.com/p/CynqNLvNUkR/",
        "commentsCount": 44,
        "timestamp": "2023-10-20T11:54:49.000Z"
    },
    {
        "inputUrl": "https://www.instagram.com/taniaveiras",
        "url": "https://www.instagram.com/p/C3FMOCbNoxD/",
        "commentsCount": 18,
        "timestamp": "2024-02-08T09:15:07.000Z"
    },
    {
        "inputUrl": "https://www.instagram.com/taniaveiras",
        "url": "https://www.instagram.com/p/C3D7TKqt4hV/",
        "commentsCount": 17,
        "timestamp": "2024-02-07T21:31:25.000Z"
    },
    {
        "inputUrl": "https://www.instagram.com/luciarodrigueztv",
        "url": "https://www.instagram.com/p/CxLpqi0t5Hl/",
        "commentsCount": 217,
        "timestamp": "2023-09-14T18:19:30.000Z"
    },
    {
        "inputUrl": "https://www.instagram.com/luciarodrigueztv",
        "url": "https://www.instagram.com/p/Cwx3lM3taKP/",
        "commentsCount": 24,
        "timestamp": "2023-09-04T18:03:16.000Z"
    },
    {
        "inputUrl": "https://www.instagram.com/luciarodrigueztv",
        "url": "https://www.instagram.com/p/Cw2S-TVt94j/",
        "commentsCount": 69,
        "timestamp": "2023-09-06T11:47:46.000Z"
    },
    {
        "inputUrl": "https://www.instagram.com/taniaveiras",
        "url": "https://www.instagram.com/p/C27clATtbC0/",
        "commentsCount": 27,
        "timestamp": "2024-02-04T14:27:00.000Z"
    },
    {
        "inputUrl": "https://www.instagram.com/taniaveiras",
        "url": "https://www.instagram.com/p/C25mGdBtk3y/",
        "commentsCount": 25,
        "timestamp": "2024-02-03T21:10:24.000Z"
    },
    {
        "inputUrl": "https://www.instagram.com/taniaveiras",
        "url": "https://www.instagram.com/p/C27CXhCNu5u/",
        "commentsCount": 9,
        "timestamp": "2024-02-04T11:33:26.000Z"
    },
    {
        "inputUrl": "https://www.instagram.com/rocio.r.padin",
        "url": "https://www.instagram.com/p/CyJsjKHMzem/",
        "commentsCount": 9,
        "timestamp": "2023-10-08T20:37:37.000Z"
    },
    {
        "inputUrl": "https://www.instagram.com/rocio.r.padin",
        "url": "https://www.instagram.com/p/CyB70JCMzez/",
        "commentsCount": 7,
        "timestamp": "2023-10-05T20:17:05.000Z"
    },
    {
        "inputUrl": "https://www.instagram.com/taniaveiras",
        "url": "https://www.instagram.com/p/C2457pEtk3H/",
        "commentsCount": 16,
        "timestamp": "2024-02-03T14:44:52.000Z"
    },
    {
        "inputUrl": "https://www.instagram.com/taniaveiras",
        "url": "https://www.instagram.com/p/C2m2rZgNDNL/",
        "commentsCount": 59,
        "timestamp": "2024-01-27T14:34:10.000Z"
    },
    {
        "inputUrl": "https://www.instagram.com/taniaveiras",
        "url": "https://www.instagram.com/p/C22z7zetTgC/",
        "commentsCount": 7,
        "timestamp": "2024-02-02T19:21:18.000Z"
    },
    {
        "inputUrl": "https://www.instagram.com/taniaveiras",
        "url": "https://www.instagram.com/p/C2x5ub9t2bn/",
        "commentsCount": 16,
        "timestamp": "2024-01-31T21:31:14.000Z"
    },
    {
        "inputUrl": "https://www.instagram.com/rocio.r.padin",
        "url": "https://www.instagram.com/p/Cx6HYfXsH5P/",
        "commentsCount": 4,
        "timestamp": "2023-10-02T19:24:15.000Z"
    },
    {
        "inputUrl": "https://www.instagram.com/rocio.r.padin",
        "url": "https://www.instagram.com/p/Cx83D74siS_/",
        "commentsCount": 10,
        "timestamp": "2023-10-03T20:59:21.000Z"
    },
    {
        "inputUrl": "https://www.instagram.com/taniaveiras",
        "url": "https://www.instagram.com/p/C2pZcf_NxH9/",
        "commentsCount": 31,
        "timestamp": "2024-01-28T14:14:39.000Z"
    },
    {
        "inputUrl": "https://www.instagram.com/luciarodrigueztv",
        "url": "https://www.instagram.com/p/CxdlLdztG_0/",
        "commentsCount": 60,
        "timestamp": "2023-09-21T17:28:36.000Z"
    },
    {
        "inputUrl": "https://www.instagram.com/taniaveiras",
        "url": "https://www.instagram.com/p/C2qGlztttBs/",
        "commentsCount": 45,
        "timestamp": "2024-01-28T20:46:27.000Z"
    },
    {
        "inputUrl": "https://www.instagram.com/taniaveiras",
        "url": "https://www.instagram.com/p/C25jvoDNfk5/",
        "commentsCount": 30,
        "timestamp": "2024-02-03T21:04:46.000Z"
    },
    {
        "inputUrl": "https://www.instagram.com/taniaveiras",
        "url": "https://www.instagram.com/p/C2j8qLFtGRy/",
        "commentsCount": 19,
        "timestamp": "2024-01-26T11:24:13.000Z"
    },
    {
        "inputUrl": "https://www.instagram.com/taniaveiras",
        "url": "https://www.instagram.com/p/C2XWCJ-NV71/",
        "commentsCount": 38,
        "timestamp": "2024-01-21T13:59:29.000Z"
    },
    {
        "inputUrl": "https://www.instagram.com/taniaveiras",
        "url": "https://www.instagram.com/p/C2H7_g9tv66/",
        "commentsCount": 28,
        "timestamp": "2024-01-15T14:21:36.000Z"
    },
    {
        "inputUrl": "https://www.instagram.com/taniaveiras",
        "url": "https://www.instagram.com/p/C2dKZnPthaA/",
        "commentsCount": 20,
        "timestamp": "2024-01-23T20:16:34.000Z"
    },
    {
        "inputUrl": "https://www.instagram.com/taniaveiras",
        "url": "https://www.instagram.com/p/C2hB52atTm-/",
        "commentsCount": 40,
        "timestamp": "2024-01-25T08:12:20.000Z"
    },
    {
        "inputUrl": "https://www.instagram.com/taniaveiras",
        "url": "https://www.instagram.com/p/C2DhnPbtr3q/",
        "commentsCount": 35,
        "timestamp": "2024-01-13T21:12:11.000Z"
    },
    {
        "inputUrl": "https://www.instagram.com/taniaveiras",
        "url": "https://www.instagram.com/p/C2UxPiVti2z/",
        "commentsCount": 26,
        "timestamp": "2024-01-20T13:56:50.000Z"
    },
    {
        "inputUrl": "https://www.instagram.com/taniaveiras",
        "url": "https://www.instagram.com/p/C2HefyWNJQm/",
        "commentsCount": 5,
        "timestamp": "2024-01-15T10:08:41.000Z"
    },
    {
        "inputUrl": "https://www.instagram.com/taniaveiras",
        "url": "https://www.instagram.com/p/C2NLQf0NOzD/",
        "commentsCount": 14,
        "timestamp": "2024-01-17T15:12:51.000Z"
    },
    {
        "inputUrl": "https://www.instagram.com/taniaveiras",
        "url": "https://www.instagram.com/p/C2aqhxstUdb/",
        "commentsCount": 22,
        "timestamp": "2024-01-22T20:56:40.000Z"
    },
    {
        "inputUrl": "https://www.instagram.com/taniaveiras",
        "url": "https://www.instagram.com/p/C2FbuhHtvi0/",
        "commentsCount": 34,
        "timestamp": "2024-01-14T15:00:47.000Z"
    },
    {
        "inputUrl": "https://www.instagram.com/taniaveiras",
        "url": "https://www.instagram.com/p/C2VbRWGNrfz/",
        "commentsCount": 17,
        "timestamp": "2024-01-20T20:03:06.000Z"
    },
    {
        "inputUrl": "https://www.instagram.com/taniaveiras",
        "url": "https://www.instagram.com/p/C1_qkghtYK2/",
        "commentsCount": 27,
        "timestamp": "2024-01-12T09:13:30.000Z"
    },
    {
        "inputUrl": "https://www.instagram.com/taniaveiras",
        "url": "https://www.instagram.com/p/C2C2T-itAsQ/",
        "commentsCount": 62,
        "timestamp": "2024-01-13T14:56:47.000Z"
    },
    {
        "inputUrl": "https://www.instagram.com/taniaveiras",
        "url": "https://www.instagram.com/p/C17gq5ytqan/",
        "commentsCount": 31,
        "timestamp": "2024-01-10T18:37:33.000Z"
    },
    {
        "inputUrl": "https://www.instagram.com/taniaveiras",
        "url": "https://www.instagram.com/p/C1hSNNdtBl8/",
        "commentsCount": 41,
        "timestamp": "2023-12-31T14:07:06.000Z"
    },
    {
        "inputUrl": "https://www.instagram.com/taniaveiras",
        "url": "https://www.instagram.com/p/C15IU2zttvF/",
        "commentsCount": 15,
        "timestamp": "2024-01-09T20:28:14.000Z"
    },
    {
        "inputUrl": "https://www.instagram.com/taniaveiras",
        "url": "https://www.instagram.com/p/C2ZxyT1N1Au/",
        "commentsCount": 15,
        "timestamp": "2024-01-22T12:44:48.000Z"
    },
    {
        "inputUrl": "https://www.instagram.com/taniaveiras",
        "url": "https://www.instagram.com/p/C1zZcCBNtAJ/",
        "commentsCount": 48,
        "timestamp": "2024-01-07T14:53:26.000Z"
    },
    {
        "inputUrl": "https://www.instagram.com/taniaveiras",
        "url": "https://www.instagram.com/p/C1vDrv2tdPJ/",
        "commentsCount": 28,
        "timestamp": "2024-01-05T22:25:51.000Z"
    },
    {
        "inputUrl": "https://www.instagram.com/taniaveiras",
        "url": "https://www.instagram.com/p/C1t11nRNlsz/",
        "commentsCount": 58,
        "timestamp": "2024-01-05T11:05:37.000Z"
    },
    {
        "inputUrl": "https://www.instagram.com/taniaveiras",
        "url": "https://www.instagram.com/p/C1ffsHtNf9c/",
        "commentsCount": 20,
        "timestamp": "2023-12-30T21:22:43.000Z"
    },
    {
        "inputUrl": "https://www.instagram.com/taniaveiras",
        "url": "https://www.instagram.com/p/C1gyjWyNKRB/",
        "commentsCount": 13,
        "timestamp": "2023-12-31T09:35:44.000Z"
    },
    {
        "inputUrl": "https://www.instagram.com/taniaveiras",
        "url": "https://www.instagram.com/p/C1e51QPNQF-/",
        "commentsCount": 10,
        "timestamp": "2023-12-30T16:28:34.000Z"
    },
    {
        "inputUrl": "https://www.instagram.com/taniaveiras",
        "url": "https://www.instagram.com/p/C1wreDDtrea/",
        "commentsCount": 33,
        "timestamp": "2024-01-06T13:37:06.000Z"
    },
    {
        "inputUrl": "https://www.instagram.com/taniaveiras",
        "url": "https://www.instagram.com/p/C1bs-S-tE2L/",
        "commentsCount": 17,
        "timestamp": "2023-12-29T10:03:16.000Z"
    },
    {
        "inputUrl": "https://www.instagram.com/taniaveiras",
        "url": "https://www.instagram.com/p/C1c1twkN-BP/",
        "commentsCount": 48,
        "timestamp": "2023-12-29T20:39:25.000Z"
    },
    {
        "inputUrl": "https://www.instagram.com/taniaveiras",
        "url": "https://www.instagram.com/p/C1PHp-Wt6lf/",
        "commentsCount": 50,
        "timestamp": "2023-12-24T12:44:52.000Z"
    },
    {
        "inputUrl": "https://www.instagram.com/taniaveiras",
        "url": "https://www.instagram.com/p/C1Z_-FGts6d/",
        "commentsCount": 15,
        "timestamp": "2023-12-28T18:12:01.000Z"
    },
    {
        "inputUrl": "https://www.instagram.com/taniaveiras",
        "url": "https://www.instagram.com/p/C1exUdjMiUZ/",
        "commentsCount": 16,
        "timestamp": "2023-12-30T15:52:21.000Z"
    },
    {
        "inputUrl": "https://www.instagram.com/taniaveiras",
        "url": "https://www.instagram.com/p/C1M8M_ZtPbn/",
        "commentsCount": 113,
        "timestamp": "2023-12-23T16:33:00.000Z"
    },
    {
        "inputUrl": "https://www.instagram.com/taniaveiras",
        "url": "https://www.instagram.com/p/C1CWvohtS9w/",
        "commentsCount": 151,
        "timestamp": "2023-12-19T13:53:21.000Z"
    },
    {
        "inputUrl": "https://www.instagram.com/taniaveiras",
        "url": "https://www.instagram.com/p/C1XvyYyt2fe/",
        "commentsCount": 32,
        "timestamp": "2023-12-27T21:12:54.000Z"
    },
    {
        "inputUrl": "https://www.instagram.com/taniaveiras",
        "url": "https://www.instagram.com/p/C1Mq-7Wtw7q/",
        "commentsCount": 14,
        "timestamp": "2023-12-23T13:59:51.000Z"
    },
    {
        "inputUrl": "https://www.instagram.com/taniaveiras",
        "url": "https://www.instagram.com/p/C1Pr3T2NEd_/",
        "commentsCount": 41,
        "timestamp": "2023-12-24T18:04:00.000Z"
    },
    {
        "inputUrl": "https://www.instagram.com/taniaveiras",
        "url": "https://www.instagram.com/p/C1ZXlIlNxtu/",
        "commentsCount": 25,
        "timestamp": "2023-12-28T12:21:04.000Z"
    },
    {
        "inputUrl": "https://www.instagram.com/taniaveiras",
        "url": "https://www.instagram.com/p/C1HfGrStSa-/",
        "commentsCount": 44,
        "timestamp": "2023-12-21T13:35:50.000Z"
    },
    {
        "inputUrl": "https://www.instagram.com/taniaveiras",
        "url": "https://www.instagram.com/p/C0q6c8etBaf/",
        "commentsCount": 8,
        "timestamp": "2023-12-10T11:16:50.000Z"
    },
    {
        "inputUrl": "https://www.instagram.com/taniaveiras",
        "url": "https://www.instagram.com/p/C0zbLAHtLG2/",
        "commentsCount": 5,
        "timestamp": "2023-12-13T18:39:13.000Z"
    },
    {
        "inputUrl": "https://www.instagram.com/taniaveiras",
        "url": "https://www.instagram.com/p/C06unEBNt3T/",
        "commentsCount": 25,
        "timestamp": "2023-12-16T14:44:46.000Z"
    },
    {
        "inputUrl": "https://www.instagram.com/taniaveiras",
        "url": "https://www.instagram.com/p/C2zguCWNxDR/",
        "commentsCount": 4,
        "timestamp": "2024-02-01T12:37:42.000Z"
    },
    {
        "inputUrl": "https://www.instagram.com/taniaveiras",
        "url": "https://www.instagram.com/p/C0rTxXLtkYl/",
        "commentsCount": 34,
        "timestamp": "2023-12-10T14:59:42.000Z"
    },
    {
        "inputUrl": "https://www.instagram.com/taniaveiras",
        "url": "https://www.instagram.com/p/C0zADEcNYbY/",
        "commentsCount": 141,
        "timestamp": "2023-12-13T14:43:08.000Z"
    },
    {
        "inputUrl": "https://www.instagram.com/taniaveiras",
        "url": "https://www.instagram.com/p/C09PLE7NhUI/",
        "commentsCount": 35,
        "timestamp": "2023-12-17T14:19:45.000Z"
    },
    {
        "inputUrl": "https://www.instagram.com/taniaveiras",
        "url": "https://www.instagram.com/p/C0vuqMzNNTH/",
        "commentsCount": 20,
        "timestamp": "2023-12-12T08:13:33.000Z"
    },
    {
        "inputUrl": "https://www.instagram.com/taniaveiras",
        "url": "https://www.instagram.com/p/C0tTn_qNTdy/",
        "commentsCount": 27,
        "timestamp": "2023-12-11T09:35:16.000Z"
    },
    {
        "inputUrl": "https://www.instagram.com/taniaveiras",
        "url": "https://www.instagram.com/p/C0ot4e2NYMg/",
        "commentsCount": 45,
        "timestamp": "2023-12-09T15:14:05.000Z"
    },
    {
        "inputUrl": "https://www.instagram.com/taniaveiras",
        "url": "https://www.instagram.com/p/C0pMx_eNAMu/",
        "commentsCount": 27,
        "timestamp": "2023-12-09T19:23:03.000Z"
    },
    {
        "inputUrl": "https://www.instagram.com/taniaveiras",
        "url": "https://www.instagram.com/p/C093AjCtsd4/",
        "commentsCount": 57,
        "timestamp": "2023-12-17T20:00:40.000Z"
    },
    {
        "inputUrl": "https://www.instagram.com/taniaveiras",
        "url": "https://www.instagram.com/p/C0_QbtQN91I/",
        "commentsCount": 14,
        "timestamp": "2023-12-18T08:53:43.000Z"
    },
    {
        "inputUrl": "https://www.instagram.com/taniaveiras",
        "url": "https://www.instagram.com/p/C0hEW2JtRTf/",
        "commentsCount": 13,
        "timestamp": "2023-12-06T15:38:00.000Z"
    },
    {
        "inputUrl": "https://www.instagram.com/taniaveiras",
        "url": "https://www.instagram.com/p/C0hfisIt3KF/",
        "commentsCount": 11,
        "timestamp": "2023-12-06T19:32:26.000Z"
    },
    {
        "inputUrl": "https://www.instagram.com/taniaveiras",
        "url": "https://www.instagram.com/p/C0bUPsBtKAZ/",
        "commentsCount": 18,
        "timestamp": "2023-12-04T09:59:10.000Z"
    },
    {
        "inputUrl": "https://www.instagram.com/taniaveiras",
        "url": "https://www.instagram.com/p/C0bY2jdNJHe/",
        "commentsCount": 4,
        "timestamp": "2023-12-04T10:34:37.000Z"
    },
    {
        "inputUrl": "https://www.instagram.com/taniaveiras",
        "url": "https://www.instagram.com/p/C0ZROhEtC7W/",
        "commentsCount": 44,
        "timestamp": "2023-12-03T14:51:32.000Z"
    },
    {
        "inputUrl": "https://www.instagram.com/taniaveiras",
        "url": "https://www.instagram.com/p/C0Wtph7NRRM/",
        "commentsCount": 24,
        "timestamp": "2023-12-02T15:00:09.000Z"
    },
    {
        "inputUrl": "https://www.instagram.com/taniaveiras",
        "url": "https://www.instagram.com/p/C0PnFXZN1u6/",
        "commentsCount": 16,
        "timestamp": "2023-11-29T20:48:06.000Z"
    },
    {
        "inputUrl": "https://www.instagram.com/taniaveiras",
        "url": "https://www.instagram.com/p/C0XTR5qtX_r/",
        "commentsCount": 12,
        "timestamp": "2023-12-02T20:38:51.000Z"
    },
    {
        "inputUrl": "https://www.instagram.com/taniaveiras",
        "url": "https://www.instagram.com/p/C0T6Kwlo3hD/",
        "commentsCount": 49,
        "timestamp": "2023-12-01T12:53:42.000Z"
    },
    {
        "inputUrl": "https://www.instagram.com/taniaveiras",
        "url": "https://www.instagram.com/p/C0XOcBUtw6i/",
        "commentsCount": 24,
        "timestamp": "2023-12-02T19:46:39.000Z"
    },
    {
        "inputUrl": "https://www.instagram.com/taniaveiras",
        "url": "https://www.instagram.com/p/C0coMHztnfL/",
        "commentsCount": 29,
        "timestamp": "2023-12-04T22:13:57.000Z"
    },
    {
        "inputUrl": "https://www.instagram.com/taniaveiras",
        "url": "https://www.instagram.com/p/C0Tgn8sIHeH/",
        "commentsCount": 35,
        "timestamp": "2023-12-01T09:08:37.000Z"
    },
    {
        "inputUrl": "https://www.instagram.com/taniaveiras",
        "url": "https://www.instagram.com/p/C0Bew0NoIvw/",
        "commentsCount": 283,
        "timestamp": "2023-11-24T09:06:01.000Z"
    },
    {
        "inputUrl": "https://www.instagram.com/taniaveiras",
        "url": "https://www.instagram.com/p/C0HMKOFNBgD/",
        "commentsCount": 29,
        "timestamp": "2023-11-26T14:34:23.000Z"
    },
    {
        "inputUrl": "https://www.instagram.com/taniaveiras",
        "url": "https://www.instagram.com/p/Cz8P-vuoQBF/",
        "commentsCount": 17,
        "timestamp": "2023-11-22T08:25:23.000Z"
    },
    {
        "inputUrl": "https://www.instagram.com/taniaveiras",
        "url": "https://www.instagram.com/p/Cz7HHB3NTCH/",
        "commentsCount": 11,
        "timestamp": "2023-11-21T21:44:47.000Z"
    },
    {
        "inputUrl": "https://www.instagram.com/taniaveiras",
        "url": "https://www.instagram.com/p/Czyo7k8t2GC/",
        "commentsCount": 16,
        "timestamp": "2023-11-18T14:47:27.000Z"
    },
    {
        "inputUrl": "https://www.instagram.com/taniaveiras",
        "url": "https://www.instagram.com/p/C0EqtrdNerq/",
        "commentsCount": 19,
        "timestamp": "2023-11-25T14:49:25.000Z"
    },
    {
        "inputUrl": "https://www.instagram.com/taniaveiras",
        "url": "https://www.instagram.com/p/Cz1xOnHoaFJ/",
        "commentsCount": 43,
        "timestamp": "2023-11-19T20:06:21.000Z"
    },
    {
        "inputUrl": "https://www.instagram.com/taniaveiras",
        "url": "https://www.instagram.com/p/C0Cejm8oRAP/",
        "commentsCount": 32,
        "timestamp": "2023-11-24T18:23:27.000Z"
    },
    {
        "inputUrl": "https://www.instagram.com/taniaveiras",
        "url": "https://www.instagram.com/p/C0HuLx1ILvY/",
        "commentsCount": 17,
        "timestamp": "2023-11-26T19:16:13.000Z"
    },
    {
        "inputUrl": "https://www.instagram.com/taniaveiras",
        "url": "https://www.instagram.com/p/Cz9e3paI6-e/",
        "commentsCount": 24,
        "timestamp": "2023-11-22T19:59:51.000Z"
    },
    {
        "inputUrl": "https://www.instagram.com/taniaveiras",
        "url": "https://www.instagram.com/p/Cz1VmQFIl7x/",
        "commentsCount": 12,
        "timestamp": "2023-11-19T15:55:03.000Z"
    },
    {
        "inputUrl": "https://www.instagram.com/taniaveiras",
        "url": "https://www.instagram.com/p/Cz7EKY-ttUz/",
        "commentsCount": 5,
        "timestamp": "2023-11-21T21:18:08.000Z"
    },
    {
        "inputUrl": "https://www.instagram.com/taniaveiras",
        "url": "https://www.instagram.com/p/CzwnYfytZkL/",
        "commentsCount": 28,
        "timestamp": "2023-11-17T19:54:15.000Z"
    },
    {
        "inputUrl": "https://www.instagram.com/taniaveiras",
        "url": "https://www.instagram.com/p/Czv1VZuIj7m/",
        "commentsCount": 12,
        "timestamp": "2023-11-17T12:42:15.000Z"
    },
    {
        "inputUrl": "https://www.instagram.com/taniaveiras",
        "url": "https://www.instagram.com/p/CzgkFH7ICSQ/",
        "commentsCount": 49,
        "timestamp": "2023-11-11T14:20:39.000Z"
    },
    {
        "inputUrl": "https://www.instagram.com/taniaveiras",
        "url": "https://www.instagram.com/p/CzlogkbI5O2/",
        "commentsCount": 15,
        "timestamp": "2023-11-13T14:11:07.000Z"
    },
    {
        "inputUrl": "https://www.instagram.com/taniaveiras",
        "url": "https://www.instagram.com/p/Czb7uXDI7YV/",
        "commentsCount": 14,
        "timestamp": "2023-11-09T19:12:03.000Z"
    },
    {
        "inputUrl": "https://www.instagram.com/taniaveiras",
        "url": "https://www.instagram.com/p/CzjM8kyIVMS/",
        "commentsCount": 36,
        "timestamp": "2023-11-12T14:57:31.000Z"
    },
    {
        "inputUrl": "https://www.instagram.com/taniaveiras",
        "url": "https://www.instagram.com/p/CzdfByRIMO_/",
        "commentsCount": 1,
        "timestamp": "2023-11-10T09:47:27.000Z"
    },
    {
        "inputUrl": "https://www.instagram.com/taniaveiras",
        "url": "https://www.instagram.com/p/CzrnyrsIpGj/",
        "commentsCount": 18,
        "timestamp": "2023-11-15T21:21:37.000Z"
    },
    {
        "inputUrl": "https://www.instagram.com/taniaveiras",
        "url": "https://www.instagram.com/p/CzlNUaOoY7J/",
        "commentsCount": 15,
        "timestamp": "2023-11-13T09:38:05.000Z"
    },
    {
        "inputUrl": "https://www.instagram.com/taniaveiras",
        "url": "https://www.instagram.com/p/CzqmW_xIIE8/",
        "commentsCount": 25,
        "timestamp": "2023-11-15T11:53:41.000Z"
    },
    {
        "inputUrl": "https://www.instagram.com/taniaveiras",
        "url": "https://www.instagram.com/p/CzoGS0GoofE/",
        "commentsCount": 7,
        "timestamp": "2023-11-14T13:46:53.000Z"
    },
    {
        "inputUrl": "https://www.instagram.com/taniaveiras",
        "url": "https://www.instagram.com/p/Czo5kAYII1D/",
        "commentsCount": 7,
        "timestamp": "2023-11-14T19:59:11.000Z"
    },
    {
        "inputUrl": "https://www.instagram.com/taniaveiras",
        "url": "https://www.instagram.com/p/Cy1X4VgMIg4/",
        "commentsCount": 31,
        "timestamp": "2023-10-25T19:43:36.000Z"
    },
    {
        "inputUrl": "https://www.instagram.com/taniaveiras",
        "url": "https://www.instagram.com/p/Cy7w-3ON0wL/",
        "commentsCount": 15,
        "timestamp": "2023-10-28T07:18:23.000Z"
    },
    {
        "inputUrl": "https://www.instagram.com/taniaveiras",
        "url": "https://www.instagram.com/p/Cy-pMcxoYdW/",
        "commentsCount": 224,
        "timestamp": "2023-10-29T10:08:03.000Z"
    },
    {
        "inputUrl": "https://www.instagram.com/taniaveiras",
        "url": "https://www.instagram.com/p/CzCZE-6I7xF/",
        "commentsCount": 43,
        "timestamp": "2023-10-30T21:04:11.000Z"
    },
    {
        "inputUrl": "https://www.instagram.com/taniaveiras",
        "url": "https://www.instagram.com/p/CzOltwwIHOP/",
        "commentsCount": 34,
        "timestamp": "2023-11-04T14:49:05.000Z"
    },
    {
        "inputUrl": "https://www.instagram.com/taniaveiras",
        "url": "https://www.instagram.com/p/Cy8bAwtIzX0/",
        "commentsCount": 34,
        "timestamp": "2023-10-28T13:25:39.000Z"
    },
    {
        "inputUrl": "https://www.instagram.com/taniaveiras",
        "url": "https://www.instagram.com/p/CzW0qj9oFVL/",
        "commentsCount": 37,
        "timestamp": "2023-11-07T19:34:06.000Z"
    },
    {
        "inputUrl": "https://www.instagram.com/taniaveiras",
        "url": "https://www.instagram.com/p/Cy_9_X0oSmc/",
        "commentsCount": 55,
        "timestamp": "2023-10-29T22:29:00.000Z"
    },
    {
        "inputUrl": "https://www.instagram.com/taniaveiras",
        "url": "https://www.instagram.com/p/CzKQhVANACq/",
        "commentsCount": 9,
        "timestamp": "2023-11-02T22:23:20.000Z"
    },
    {
        "inputUrl": "https://www.instagram.com/taniaveiras",
        "url": "https://www.instagram.com/p/CzPV35it1Is/",
        "commentsCount": 14,
        "timestamp": "2023-11-04T21:53:15.000Z"
    },
    {
        "inputUrl": "https://www.instagram.com/taniaveiras",
        "url": "https://www.instagram.com/p/CzRJefqIY-w/",
        "commentsCount": 104,
        "timestamp": "2023-11-05T14:37:24.000Z"
    },
    {
        "inputUrl": "https://www.instagram.com/taniaveiras",
        "url": "https://www.instagram.com/p/CyqdIJ3ILHG/",
        "commentsCount": 26,
        "timestamp": "2023-10-21T14:00:11.000Z"
    },
    {
        "inputUrl": "https://www.instagram.com/taniaveiras",
        "url": "https://www.instagram.com/p/CywTCntonRG/",
        "commentsCount": 15,
        "timestamp": "2023-10-23T20:25:06.000Z"
    },
    {
        "inputUrl": "https://www.instagram.com/taniaveiras",
        "url": "https://www.instagram.com/p/CyrEVdHoC7-/",
        "commentsCount": 40,
        "timestamp": "2023-10-21T19:40:24.000Z"
    },
    {
        "inputUrl": "https://www.instagram.com/taniaveiras",
        "url": "https://www.instagram.com/p/CyxzZ3-oUI0/",
        "commentsCount": 8,
        "timestamp": "2023-10-24T11:38:02.000Z"
    },
    {
        "inputUrl": "https://www.instagram.com/taniaveiras",
        "url": "https://www.instagram.com/p/CyZAXtWoP9V/",
        "commentsCount": 17,
        "timestamp": "2023-10-14T19:24:52.000Z"
    },
    {
        "inputUrl": "https://www.instagram.com/taniaveiras",
        "url": "https://www.instagram.com/p/CyZIrfVovOH/",
        "commentsCount": 29,
        "timestamp": "2023-10-14T20:32:02.000Z"
    },
    {
        "inputUrl": "https://www.instagram.com/taniaveiras",
        "url": "https://www.instagram.com/p/CyYaxDrIwy7/",
        "commentsCount": 18,
        "timestamp": "2023-10-14T13:51:12.000Z"
    },
    {
        "inputUrl": "https://www.instagram.com/taniaveiras",
        "url": "https://www.instagram.com/p/Cyg2M7HoMJA/",
        "commentsCount": 57,
        "timestamp": "2023-10-17T20:24:30.000Z"
    },
    {
        "inputUrl": "https://www.instagram.com/taniaveiras",
        "url": "https://www.instagram.com/p/CybZmoAov4M/",
        "commentsCount": 38,
        "timestamp": "2023-10-15T17:38:24.000Z"
    },
    {
        "inputUrl": "https://www.instagram.com/taniaveiras",
        "url": "https://www.instagram.com/p/Cyl2GgqI2-6/",
        "commentsCount": 29,
        "timestamp": "2023-10-19T18:59:49.000Z"
    },
    {
        "inputUrl": "https://www.instagram.com/taniaveiras",
        "url": "https://www.instagram.com/p/Cyy4F7eomlR/",
        "commentsCount": 20,
        "timestamp": "2023-10-24T20:27:21.000Z"
    },
    {
        "inputUrl": "https://www.instagram.com/taniaveiras",
        "url": "https://www.instagram.com/p/CxcrKgJotVL/",
        "commentsCount": 16,
        "timestamp": "2023-09-21T08:59:41.000Z"
    },
    {
        "inputUrl": "https://www.instagram.com/taniaveiras",
        "url": "https://www.instagram.com/p/Cxd3VkwI0bZ/",
        "commentsCount": 11,
        "timestamp": "2023-09-21T20:05:18.000Z"
    },
    {
        "inputUrl": "https://www.instagram.com/taniaveiras",
        "url": "https://www.instagram.com/p/CxEPKbGoXg8/",
        "commentsCount": 14,
        "timestamp": "2023-09-11T21:13:14.000Z"
    },
    {
        "inputUrl": "https://www.instagram.com/taniaveiras",
        "url": "https://www.instagram.com/p/CxVIF_AIpEU/",
        "commentsCount": 14,
        "timestamp": "2023-09-18T10:42:32.000Z"
    },
    {
        "inputUrl": "https://www.instagram.com/taniaveiras",
        "url": "https://www.instagram.com/p/Cw3KGp0tTTJ/",
        "commentsCount": 55,
        "timestamp": "2023-09-06T19:18:54.000Z"
    },
    {
        "inputUrl": "https://www.instagram.com/taniaveiras",
        "url": "https://www.instagram.com/p/Cx_WF3eI08A/",
        "commentsCount": 43,
        "timestamp": "2023-10-04T20:08:59.000Z"
    },
    {
        "inputUrl": "https://www.instagram.com/taniaveiras",
        "url": "https://www.instagram.com/p/CxI7-gcoYZ8/",
        "commentsCount": 212,
        "timestamp": "2023-09-13T17:10:31.000Z"
    },
    {
        "inputUrl": "https://www.instagram.com/taniaveiras",
        "url": "https://www.instagram.com/p/CxN5DR1Ir6l/",
        "commentsCount": 50,
        "timestamp": "2023-09-15T15:12:26.000Z"
    },
    {
        "inputUrl": "https://www.instagram.com/taniaveiras",
        "url": "https://www.instagram.com/p/CxVTPlaInVx/",
        "commentsCount": 30,
        "timestamp": "2023-09-18T12:31:11.000Z"
    },
    {
        "inputUrl": "https://www.instagram.com/taniaveiras",
        "url": "https://www.instagram.com/p/CyLjrKgIT4A/",
        "commentsCount": 51,
        "timestamp": "2023-10-09T13:58:33.000Z"
    },
    {
        "inputUrl": "https://www.instagram.com/taniaveiras",
        "url": "https://www.instagram.com/p/CxRJLjwIFyT/",
        "commentsCount": 14,
        "timestamp": "2023-09-16T21:31:06.000Z"
    },
    {
        "inputUrl": "https://www.instagram.com/taniaveiras",
        "url": "https://www.instagram.com/p/Cw5zGdLt4w7/",
        "commentsCount": 72,
        "timestamp": "2023-09-07T19:55:37.000Z"
    },
    {
        "inputUrl": "https://www.instagram.com/taniaveiras",
        "url": "https://www.instagram.com/p/Cwu-P2MtNyq/",
        "commentsCount": 50,
        "timestamp": "2023-09-03T15:04:54.000Z"
    },
    {
        "inputUrl": "https://www.instagram.com/taniaveiras",
        "url": "https://www.instagram.com/p/CwqSuAwNVVX/",
        "commentsCount": 9,
        "timestamp": "2023-09-01T19:24:04.000Z"
    },
    {
        "inputUrl": "https://www.instagram.com/taniaveiras",
        "url": "https://www.instagram.com/p/Cwz5XewNcn5/",
        "commentsCount": 1211,
        "timestamp": "2023-09-05T12:54:56.000Z"
    },
    {
        "inputUrl": "https://www.instagram.com/taniaveiras",
        "url": "https://www.instagram.com/p/CzWBL35IaQE/",
        "commentsCount": 6,
        "timestamp": "2023-11-07T12:04:16.000Z"
    },
    {
        "inputUrl": "https://www.instagram.com/taniaveiras",
        "url": "https://www.instagram.com/p/CytA6oyImrg/",
        "commentsCount": 19,
        "timestamp": "2023-10-22T13:49:00.000Z"
    }
]