[
    {
        "inputUrl": "https://www.instagram.com/erismackenzie",
        "url": "https://www.instagram.com/p/C5oi7GYMGdi/",
        "commentsCount": 15,
        "timestamp": "2024-04-11T19:49:43.000Z"
    },
    {
        "inputUrl": "https://www.instagram.com/jasper_nao",
        "url": "https://www.instagram.com/p/C5ga_QkMxm6/",
        "commentsCount": 4,
        "timestamp": "2024-04-08T16:08:25.000Z"
    },
    {
        "inputUrl": "https://www.instagram.com/jasper_nao",
        "url": "https://www.instagram.com/p/C4_Jjv5MWXP/",
        "commentsCount": 0,
        "timestamp": "2024-03-26T17:59:13.000Z"
    },
    {
        "inputUrl": "https://www.instagram.com/erismackenzie",
        "url": "https://www.instagram.com/p/C3I7CxsMS2w/",
        "commentsCount": 4,
        "timestamp": "2024-02-09T20:02:00.000Z"
    },
    {
        "inputUrl": "https://www.instagram.com/erismackenzie",
        "url": "https://www.instagram.com/p/C3awMBMMv6e/",
        "commentsCount": 15,
        "timestamp": "2024-02-16T18:13:28.000Z"
    },
    {
        "inputUrl": "https://www.instagram.com/erismackenzie",
        "url": "https://www.instagram.com/p/C28Aj82M6im/",
        "commentsCount": 19,
        "timestamp": "2024-02-04T19:40:06.000Z"
    },
    {
        "inputUrl": "https://www.instagram.com/jasper_nao",
        "url": "https://www.instagram.com/p/C4Y-ZEGs8au/",
        "commentsCount": 5,
        "timestamp": "2024-03-11T22:10:30.000Z"
    },
    {
        "inputUrl": "https://www.instagram.com/erismackenzie",
        "url": "https://www.instagram.com/p/C3NIA0qMEVc/",
        "commentsCount": 9,
        "timestamp": "2024-02-11T11:12:17.000Z"
    },
    {
        "inputUrl": "https://www.instagram.com/jasper_nao",
        "url": "https://www.instagram.com/p/C4yWwr9sJLW/",
        "commentsCount": 0,
        "timestamp": "2024-03-21T18:44:27.000Z"
    },
    {
        "inputUrl": "https://www.instagram.com/erismackenzie",
        "url": "https://www.instagram.com/p/C3C9NfEMIbl/",
        "commentsCount": 40,
        "timestamp": "2024-02-07T12:25:30.000Z"
    },
    {
        "inputUrl": "https://www.instagram.com/jasper_nao",
        "url": "https://www.instagram.com/p/C35n6nSMh8w/",
        "commentsCount": 0,
        "timestamp": "2024-02-28T17:57:39.000Z"
    },
    {
        "inputUrl": "https://www.instagram.com/aidatarrio",
        "url": "https://www.instagram.com/p/C3tGpxdsj_v/",
        "commentsCount": 67,
        "timestamp": "2024-02-23T21:16:06.000Z"
    },
    {
        "inputUrl": "https://www.instagram.com/jasper_nao",
        "url": "https://www.instagram.com/p/C4GxsrGMcbm/",
        "commentsCount": 2,
        "timestamp": "2024-03-04T20:33:15.000Z"
    },
    {
        "inputUrl": "https://www.instagram.com/manuelepardo",
        "url": "https://www.instagram.com/p/C4YjBbktbKX/",
        "commentsCount": 16,
        "timestamp": "2024-03-11T18:16:15.000Z"
    },
    {
        "inputUrl": "https://www.instagram.com/aidatarrio",
        "url": "https://www.instagram.com/p/C1HtkJBMkOB/",
        "commentsCount": 37,
        "timestamp": "2023-12-21T15:42:12.000Z"
    },
    {
        "inputUrl": "https://www.instagram.com/manuelepardo",
        "url": "https://www.instagram.com/p/C4svBkwNvLK/",
        "commentsCount": 4,
        "timestamp": "2024-03-19T14:21:02.000Z"
    },
    {
        "inputUrl": "https://www.instagram.com/manuelepardo",
        "url": "https://www.instagram.com/p/C4TeiTGtdi8/",
        "commentsCount": 43,
        "timestamp": "2024-03-09T18:59:43.000Z"
    },
    {
        "inputUrl": "https://www.instagram.com/erismackenzie",
        "url": "https://www.instagram.com/p/C2zi1DnM4TQ/",
        "commentsCount": 4,
        "timestamp": "2024-02-01T12:49:16.000Z"
    },
    {
        "inputUrl": "https://www.instagram.com/aidatarrio",
        "url": "https://www.instagram.com/p/C09iEhAMCU8/",
        "commentsCount": 140,
        "timestamp": "2023-12-17T16:49:21.000Z"
    },
    {
        "inputUrl": "https://www.instagram.com/punkita_",
        "url": "https://www.instagram.com/p/C5YLgGwMREZ/",
        "commentsCount": 8,
        "timestamp": "2024-04-05T11:17:13.000Z"
    },
    {
        "inputUrl": "https://www.instagram.com/manuelepardo",
        "url": "https://www.instagram.com/p/C38mSxgNRsT/",
        "commentsCount": 5,
        "timestamp": "2024-02-29T21:42:03.000Z"
    },
    {
        "inputUrl": "https://www.instagram.com/manuelepardo",
        "url": "https://www.instagram.com/p/C4IYppztiqt/",
        "commentsCount": 1,
        "timestamp": "2024-03-05T11:33:42.000Z"
    },
    {
        "inputUrl": "https://www.instagram.com/jasper_nao",
        "url": "https://www.instagram.com/p/C3K58iSM0GV/",
        "commentsCount": 4,
        "timestamp": "2024-02-10T14:30:53.000Z"
    },
    {
        "inputUrl": "https://www.instagram.com/manuelepardo",
        "url": "https://www.instagram.com/p/Cz1KYHqIioW/",
        "commentsCount": 6,
        "timestamp": "2023-11-19T14:17:00.000Z"
    },
    {
        "inputUrl": "https://www.instagram.com/manuelepardo",
        "url": "https://www.instagram.com/p/CyLGVKpI9nJ/",
        "commentsCount": 1,
        "timestamp": "2023-10-09T09:42:08.000Z"
    },
    {
        "inputUrl": "https://www.instagram.com/manuelepardo",
        "url": "https://www.instagram.com/p/C0cCIr4tN5d/",
        "commentsCount": 4,
        "timestamp": "2023-12-04T16:35:22.000Z"
    },
    {
        "inputUrl": "https://www.instagram.com/jasper_nao",
        "url": "https://www.instagram.com/p/C2nYA0GMsDV/",
        "commentsCount": 4,
        "timestamp": "2024-01-27T19:20:58.000Z"
    },
    {
        "inputUrl": "https://www.instagram.com/punkita_",
        "url": "https://www.instagram.com/p/C5BoF0ssM4F/",
        "commentsCount": 3,
        "timestamp": "2024-03-27T17:04:30.000Z"
    },
    {
        "inputUrl": "https://www.instagram.com/aidatarrio",
        "url": "https://www.instagram.com/p/C0m6-uWsW8I/",
        "commentsCount": 54,
        "timestamp": "2023-12-08T22:04:29.000Z"
    },
    {
        "inputUrl": "https://www.instagram.com/pilipampin",
        "url": "https://www.instagram.com/p/C2nn00ZMDFS/",
        "commentsCount": 12,
        "timestamp": "2024-01-27T21:39:08.000Z"
    },
    {
        "inputUrl": "https://www.instagram.com/punkita_",
        "url": "https://www.instagram.com/p/C42OuW5M1t4/",
        "commentsCount": 3,
        "timestamp": "2024-03-23T06:55:21.000Z"
    },
    {
        "inputUrl": "https://www.instagram.com/pilipampin",
        "url": "https://www.instagram.com/p/Cz4kE-XM6to/",
        "commentsCount": 4,
        "timestamp": "2023-11-20T22:02:48.000Z"
    },
    {
        "inputUrl": "https://www.instagram.com/punkita_",
        "url": "https://www.instagram.com/p/C4tA3pBsAdW/",
        "commentsCount": 17,
        "timestamp": "2024-03-19T16:56:58.000Z"
    },
    {
        "inputUrl": "https://www.instagram.com/punkita_",
        "url": "https://www.instagram.com/p/C276_EWMpEL/",
        "commentsCount": 7,
        "timestamp": "2024-02-04T18:51:22.000Z"
    },
    {
        "inputUrl": "https://www.instagram.com/jasper_nao",
        "url": "https://www.instagram.com/p/C10H0-Bsvns/",
        "commentsCount": 5,
        "timestamp": "2024-01-07T21:38:16.000Z"
    },
    {
        "inputUrl": "https://www.instagram.com/jasper_nao",
        "url": "https://www.instagram.com/p/C1xHa7tskyd/",
        "commentsCount": 1,
        "timestamp": "2024-01-06T17:36:59.000Z"
    },
    {
        "inputUrl": "https://www.instagram.com/pilipampin",
        "url": "https://www.instagram.com/p/CxanPVOMoPY/",
        "commentsCount": 6,
        "timestamp": "2023-09-20T13:48:12.000Z"
    },
    {
        "inputUrl": "https://www.instagram.com/punkita_",
        "url": "https://www.instagram.com/p/C2M-098sKGm/",
        "commentsCount": 66,
        "timestamp": "2024-01-17T13:39:30.000Z"
    },
    {
        "inputUrl": "https://www.instagram.com/aidatarrio",
        "url": "https://www.instagram.com/p/CzJDED-MSqk/",
        "commentsCount": 60,
        "timestamp": "2023-11-02T11:06:30.000Z"
    },
    {
        "inputUrl": "https://www.instagram.com/punkita_",
        "url": "https://www.instagram.com/p/C1rJz33scbi/",
        "commentsCount": 15,
        "timestamp": "2024-01-04T10:02:26.000Z"
    },
    {
        "inputUrl": "https://www.instagram.com/pilipampin",
        "url": "https://www.instagram.com/p/CxaNzAwMsrA/",
        "commentsCount": 3,
        "timestamp": "2023-09-20T10:09:00.000Z"
    },
    {
        "inputUrl": "https://www.instagram.com/pilipampin",
        "url": "https://www.instagram.com/p/CzlogkbI5O2/",
        "commentsCount": 15,
        "timestamp": "2023-11-13T14:11:07.000Z"
    },
    {
        "inputUrl": "https://www.instagram.com/punkita_",
        "url": "https://www.instagram.com/p/C1KF0P3MSlQ/",
        "commentsCount": 7,
        "timestamp": "2023-12-22T13:52:35.000Z"
    },
    {
        "inputUrl": "https://www.instagram.com/pilipampin",
        "url": "https://www.instagram.com/p/CxV8Q-CMRsw/",
        "commentsCount": 4,
        "timestamp": "2023-09-18T18:14:26.000Z"
    },
    {
        "inputUrl": "https://www.instagram.com/pilipampin",
        "url": "https://www.instagram.com/p/CxxbZHZqS_M/",
        "commentsCount": 14,
        "timestamp": "2023-09-29T10:27:06.000Z"
    },
    {
        "inputUrl": "https://www.instagram.com/punkita_",
        "url": "https://www.instagram.com/p/CyJuwOwsbFW/",
        "commentsCount": 8,
        "timestamp": "2023-10-08T20:56:53.000Z"
    },
    {
        "inputUrl": "https://www.instagram.com/xabierdiaz_music",
        "url": "https://www.instagram.com/p/C2SGGJQsNzZ/",
        "commentsCount": 6,
        "timestamp": "2024-01-19T13:00:21.000Z"
    },
    {
        "inputUrl": "https://www.instagram.com/punkita_",
        "url": "https://www.instagram.com/p/Cx7yu4WsmiB/",
        "commentsCount": 21,
        "timestamp": "2023-10-03T11:02:17.000Z"
    },
    {
        "inputUrl": "https://www.instagram.com/pilipampin",
        "url": "https://www.instagram.com/p/CwvBN07IGwl/",
        "commentsCount": 8,
        "timestamp": "2023-09-03T15:27:19.000Z"
    },
    {
        "inputUrl": "https://www.instagram.com/xabierdiaz_music",
        "url": "https://www.instagram.com/p/C38tQHvMjRU/",
        "commentsCount": 26,
        "timestamp": "2024-02-29T22:58:48.000Z"
    },
    {
        "inputUrl": "https://www.instagram.com/pilipampin",
        "url": "https://www.instagram.com/p/CxIuSvzKi1X/",
        "commentsCount": 14,
        "timestamp": "2023-09-13T15:02:13.000Z"
    },
    {
        "inputUrl": "https://www.instagram.com/xabierdiaz_music",
        "url": "https://www.instagram.com/p/C3a4qzSNTQ-/",
        "commentsCount": 35,
        "timestamp": "2024-02-16T19:35:13.000Z"
    },
    {
        "inputUrl": "https://www.instagram.com/xabierdiaz_music",
        "url": "https://www.instagram.com/p/C5lyJCLMYYA/",
        "commentsCount": 61,
        "timestamp": "2024-04-10T18:06:20.000Z"
    },
    {
        "inputUrl": "https://www.instagram.com/sabelamaneiro.txg",
        "url": "https://www.instagram.com/p/C2x82C6spl5/",
        "commentsCount": 59,
        "timestamp": "2024-01-31T21:55:12.000Z"
    },
    {
        "inputUrl": "https://www.instagram.com/olaia_maneiro",
        "url": "https://www.instagram.com/p/C4P4DRBMbUj/",
        "commentsCount": 581,
        "timestamp": "2024-03-08T09:28:54.000Z"
    },
    {
        "inputUrl": "https://www.instagram.com/xabierdiaz_music",
        "url": "https://www.instagram.com/p/C5ggHRDsxzm/",
        "commentsCount": 6,
        "timestamp": "2024-04-08T16:51:15.000Z"
    },
    {
        "inputUrl": "https://www.instagram.com/xabierdiaz_music",
        "url": "https://www.instagram.com/p/C5ZAMtUMOhk/",
        "commentsCount": 2,
        "timestamp": "2024-04-05T18:57:41.000Z"
    },
    {
        "inputUrl": "https://www.instagram.com/sabelamaneiro.txg",
        "url": "https://www.instagram.com/p/C1FkR6ksIUC/",
        "commentsCount": 224,
        "timestamp": "2023-12-20T19:51:52.000Z"
    },
    {
        "inputUrl": "https://www.instagram.com/xabierdiaz_music",
        "url": "https://www.instagram.com/p/C4_P9eks7-_/",
        "commentsCount": 34,
        "timestamp": "2024-03-26T18:58:09.000Z"
    },
    {
        "inputUrl": "https://www.instagram.com/xabierdiaz_music",
        "url": "https://www.instagram.com/p/C5MFam8M58K/",
        "commentsCount": 1,
        "timestamp": "2024-03-31T18:39:43.000Z"
    },
    {
        "inputUrl": "https://www.instagram.com/olaia_maneiro",
        "url": "https://www.instagram.com/p/C4A5WPysvqT/",
        "commentsCount": 40,
        "timestamp": "2024-03-02T13:44:39.000Z"
    },
    {
        "inputUrl": "https://www.instagram.com/olaia_maneiro",
        "url": "https://www.instagram.com/p/C3zg6IAte46/",
        "commentsCount": 85,
        "timestamp": "2024-02-26T09:27:59.000Z"
    },
    {
        "inputUrl": "https://www.instagram.com/sabelamaneiro.txg",
        "url": "https://www.instagram.com/p/C0kI8wMMBJr/",
        "commentsCount": 131,
        "timestamp": "2023-12-07T20:08:49.000Z"
    },
    {
        "inputUrl": "https://www.instagram.com/xabierdiaz_music",
        "url": "https://www.instagram.com/p/C43GOvmtaD2/",
        "commentsCount": 3,
        "timestamp": "2024-03-23T14:56:13.000Z"
    },
    {
        "inputUrl": "https://www.instagram.com/sabelamaneiro.txg",
        "url": "https://www.instagram.com/p/C1AIQpBsf9y/",
        "commentsCount": 91,
        "timestamp": "2023-12-18T17:01:32.000Z"
    },
    {
        "inputUrl": "https://www.instagram.com/xabierdiaz_music",
        "url": "https://www.instagram.com/p/C46Gmk0tbdD/",
        "commentsCount": 2,
        "timestamp": "2024-03-24T18:57:11.000Z"
    },
    {
        "inputUrl": "https://www.instagram.com/olaia_maneiro",
        "url": "https://www.instagram.com/p/C2ZFxcZsRsA/",
        "commentsCount": 40,
        "timestamp": "2024-01-22T06:12:12.000Z"
    },
    {
        "inputUrl": "https://www.instagram.com/olaia_maneiro",
        "url": "https://www.instagram.com/p/C3uN0bZM-jP/",
        "commentsCount": 26,
        "timestamp": "2024-02-24T07:37:58.000Z"
    },
    {
        "inputUrl": "https://www.instagram.com/sabelamaneiro.txg",
        "url": "https://www.instagram.com/p/Cy-_D9JM45g/",
        "commentsCount": 54,
        "timestamp": "2023-10-29T13:19:08.000Z"
    },
    {
        "inputUrl": "https://www.instagram.com/olaia_maneiro",
        "url": "https://www.instagram.com/p/C0oVLBCslXk/",
        "commentsCount": 100,
        "timestamp": "2023-12-09T11:38:12.000Z"
    },
    {
        "inputUrl": "https://www.instagram.com/olaia_maneiro",
        "url": "https://www.instagram.com/p/CzwmQTsMJ3-/",
        "commentsCount": 77,
        "timestamp": "2023-11-17T19:44:24.000Z"
    },
    {
        "inputUrl": "https://www.instagram.com/xabierdiaz_music",
        "url": "https://www.instagram.com/p/C41Ehh5MfsJ/",
        "commentsCount": 7,
        "timestamp": "2024-03-22T20:03:12.000Z"
    },
    {
        "inputUrl": "https://www.instagram.com/its.marianmusic",
        "url": "https://www.instagram.com/p/C5jIi9FtXzD/",
        "commentsCount": 21,
        "timestamp": "2024-04-09T17:23:35.000Z"
    },
    {
        "inputUrl": "https://www.instagram.com/its.marianmusic",
        "url": "https://www.instagram.com/p/C4gtDUZtxEI/",
        "commentsCount": 13,
        "timestamp": "2024-03-14T22:12:54.000Z"
    },
    {
        "inputUrl": "https://www.instagram.com/olaia_maneiro",
        "url": "https://www.instagram.com/p/CzjL9GFsgLO/",
        "commentsCount": 50,
        "timestamp": "2023-11-12T14:44:27.000Z"
    },
    {
        "inputUrl": "https://www.instagram.com/sabelamaneiro.txg",
        "url": "https://www.instagram.com/p/Cws6RsdsZPL/",
        "commentsCount": 56,
        "timestamp": "2023-09-02T19:48:12.000Z"
    },
    {
        "inputUrl": "https://www.instagram.com/its.marianmusic",
        "url": "https://www.instagram.com/p/C4NpsZ7tu9s/",
        "commentsCount": 29,
        "timestamp": "2024-03-07T12:52:10.000Z"
    },
    {
        "inputUrl": "https://www.instagram.com/its.marianmusic",
        "url": "https://www.instagram.com/p/C4QKPlztrsC/",
        "commentsCount": 17,
        "timestamp": "2024-03-08T12:02:30.000Z"
    },
    {
        "inputUrl": "https://www.instagram.com/its.marianmusic",
        "url": "https://www.instagram.com/p/C4DVX1-tYyT/",
        "commentsCount": 38,
        "timestamp": "2024-03-03T12:28:01.000Z"
    },
    {
        "inputUrl": "https://www.instagram.com/its.marianmusic",
        "url": "https://www.instagram.com/p/C4LPx9mt4Wf/",
        "commentsCount": 39,
        "timestamp": "2024-03-06T14:15:07.000Z"
    },
    {
        "inputUrl": "https://www.instagram.com/its.marianmusic",
        "url": "https://www.instagram.com/p/C4LlB-NMCOl/",
        "commentsCount": 7,
        "timestamp": "2024-03-06T17:18:46.000Z"
    },
    {
        "inputUrl": "https://www.instagram.com/its.marianmusic",
        "url": "https://www.instagram.com/p/C4LHjsmtUKH/",
        "commentsCount": 54,
        "timestamp": "2024-03-06T13:01:14.000Z"
    },
    {
        "inputUrl": "https://www.instagram.com/its.marianmusic",
        "url": "https://www.instagram.com/p/C3z99j6NfeY/",
        "commentsCount": 82,
        "timestamp": "2024-02-26T13:26:42.000Z"
    },
    {
        "inputUrl": "https://www.instagram.com/susana_seivane",
        "url": "https://www.instagram.com/p/C3AgH7os3DE/",
        "commentsCount": 30,
        "timestamp": "2024-02-06T13:40:32.000Z"
    },
    {
        "inputUrl": "https://www.instagram.com/its.marianmusic",
        "url": "https://www.instagram.com/p/C03-o37te0R/",
        "commentsCount": 5,
        "timestamp": "2023-12-15T13:03:32.000Z"
    },
    {
        "inputUrl": "https://www.instagram.com/susana_seivane",
        "url": "https://www.instagram.com/p/C47su0wMTKf/",
        "commentsCount": 5,
        "timestamp": "2024-03-25T09:49:36.000Z"
    },
    {
        "inputUrl": "https://www.instagram.com/its.marianmusic",
        "url": "https://www.instagram.com/p/C3qdLKitFmP/",
        "commentsCount": 17,
        "timestamp": "2024-02-22T20:35:11.000Z"
    },
    {
        "inputUrl": "https://www.instagram.com/susana_seivane",
        "url": "https://www.instagram.com/p/C3FWmsUs9RM/",
        "commentsCount": 2,
        "timestamp": "2024-02-08T10:45:52.000Z"
    },
    {
        "inputUrl": "https://www.instagram.com/susana_seivane",
        "url": "https://www.instagram.com/p/C22Oz_rsbs3/",
        "commentsCount": 10,
        "timestamp": "2024-02-02T13:50:18.000Z"
    },
    {
        "inputUrl": "https://www.instagram.com/o.filloas",
        "url": "https://www.instagram.com/p/C48nt3XsYLM/",
        "commentsCount": 1,
        "timestamp": "2024-03-25T18:25:01.000Z"
    },
    {
        "inputUrl": "https://www.instagram.com/susana_seivane",
        "url": "https://www.instagram.com/p/C2rgjlOsNSy/",
        "commentsCount": 12,
        "timestamp": "2024-01-29T09:52:34.000Z"
    },
    {
        "inputUrl": "https://www.instagram.com/o.filloas",
        "url": "https://www.instagram.com/p/C4Ogk55Mz_p/",
        "commentsCount": 0,
        "timestamp": "2024-03-07T20:47:05.000Z"
    },
    {
        "inputUrl": "https://www.instagram.com/susana_seivane",
        "url": "https://www.instagram.com/p/C1wXyz9MucB/",
        "commentsCount": 9,
        "timestamp": "2024-01-06T10:44:31.000Z"
    },
    {
        "inputUrl": "https://www.instagram.com/susana_seivane",
        "url": "https://www.instagram.com/p/C2e1rAmsN_N/",
        "commentsCount": 8,
        "timestamp": "2024-01-24T11:46:58.000Z"
    },
    {
        "inputUrl": "https://www.instagram.com/ses_musica",
        "url": "https://www.instagram.com/p/C5OZEFINRKa/",
        "commentsCount": 26,
        "timestamp": "2024-04-01T16:07:58.000Z"
    },
    {
        "inputUrl": "https://www.instagram.com/o.filloas",
        "url": "https://www.instagram.com/p/C3TRcbWsaC6/",
        "commentsCount": 2,
        "timestamp": "2024-02-13T20:30:35.000Z"
    },
    {
        "inputUrl": "https://www.instagram.com/susana_seivane",
        "url": "https://www.instagram.com/p/C1iI0pYMxGX/",
        "commentsCount": 23,
        "timestamp": "2023-12-31T22:00:38.000Z"
    },
    {
        "inputUrl": "https://www.instagram.com/ses_musica",
        "url": "https://www.instagram.com/p/C5VQfsiNBUQ/",
        "commentsCount": 89,
        "timestamp": "2024-04-04T08:03:07.000Z"
    },
    {
        "inputUrl": "https://www.instagram.com/jasper_nao",
        "url": "https://www.instagram.com/p/C43G7S9spnb/",
        "commentsCount": 0,
        "timestamp": "2024-03-23T15:02:18.000Z"
    },
    {
        "inputUrl": "https://www.instagram.com/ses_musica",
        "url": "https://www.instagram.com/p/C5BSPu5NXmN/",
        "commentsCount": 36,
        "timestamp": "2024-03-27T13:56:20.000Z"
    },
    {
        "inputUrl": "https://www.instagram.com/o.filloas",
        "url": "https://www.instagram.com/p/C1C0Z7rMN-Z/",
        "commentsCount": 9,
        "timestamp": "2023-12-19T18:05:46.000Z"
    },
    {
        "inputUrl": "https://www.instagram.com/o.filloas",
        "url": "https://www.instagram.com/p/C2IjHzbMfBC/",
        "commentsCount": 3,
        "timestamp": "2024-01-15T20:01:35.000Z"
    },
    {
        "inputUrl": "https://www.instagram.com/o.filloas",
        "url": "https://www.instagram.com/p/C0bblR2sgAX/",
        "commentsCount": 0,
        "timestamp": "2023-12-04T11:00:16.000Z"
    },
    {
        "inputUrl": "https://www.instagram.com/ses_musica",
        "url": "https://www.instagram.com/p/C43aFxCN5ge/",
        "commentsCount": 44,
        "timestamp": "2024-03-23T17:52:35.000Z"
    },
    {
        "inputUrl": "https://www.instagram.com/ses_musica",
        "url": "https://www.instagram.com/p/C4nnUbCNe5H/",
        "commentsCount": 23,
        "timestamp": "2024-03-17T14:37:30.000Z"
    },
    {
        "inputUrl": "https://www.instagram.com/soa_maria_",
        "url": "https://www.instagram.com/p/C3j-FRzscq_/",
        "commentsCount": 15,
        "timestamp": "2024-02-20T08:08:03.000Z"
    },
    {
        "inputUrl": "https://www.instagram.com/o.filloas",
        "url": "https://www.instagram.com/p/Czemet7syel/",
        "commentsCount": 3,
        "timestamp": "2023-11-10T20:00:02.000Z"
    },
    {
        "inputUrl": "https://www.instagram.com/mondra.gz",
        "url": "https://www.instagram.com/p/C5Y80O8s9vO/",
        "commentsCount": 18,
        "timestamp": "2024-04-05T18:28:08.000Z"
    },
    {
        "inputUrl": "https://www.instagram.com/ses_musica",
        "url": "https://www.instagram.com/p/C0B1tRuN6bx/",
        "commentsCount": 83,
        "timestamp": "2023-11-24T12:29:26.000Z"
    },
    {
        "inputUrl": "https://www.instagram.com/soa_maria_",
        "url": "https://www.instagram.com/p/C4nNOUdM3Gn/",
        "commentsCount": 6,
        "timestamp": "2024-03-17T10:49:28.000Z"
    },
    {
        "inputUrl": "https://www.instagram.com/mondra.gz",
        "url": "https://www.instagram.com/p/C1fQWz8M4ee/",
        "commentsCount": 33,
        "timestamp": "2023-12-30T19:10:53.000Z"
    },
    {
        "inputUrl": "https://www.instagram.com/ses_musica",
        "url": "https://www.instagram.com/p/Cw-gNcztdiZ/",
        "commentsCount": 33,
        "timestamp": "2023-09-09T15:46:45.000Z"
    },
    {
        "inputUrl": "https://www.instagram.com/susana_seivane",
        "url": "https://www.instagram.com/p/C2SKlt5srRL/",
        "commentsCount": 10,
        "timestamp": "2024-01-19T13:39:37.000Z"
    },
    {
        "inputUrl": "https://www.instagram.com/mondra.gz",
        "url": "https://www.instagram.com/p/Cygq4B_Mf2G/",
        "commentsCount": 12,
        "timestamp": "2023-10-17T18:45:31.000Z"
    },
    {
        "inputUrl": "https://www.instagram.com/soa_maria_",
        "url": "https://www.instagram.com/p/C11XH0lMqqY/",
        "commentsCount": 7,
        "timestamp": "2024-01-08T09:11:09.000Z"
    },
    {
        "inputUrl": "https://www.instagram.com/o.filloas",
        "url": "https://www.instagram.com/p/Cxs_crGsdNd/",
        "commentsCount": 3,
        "timestamp": "2023-09-27T17:04:47.000Z"
    },
    {
        "inputUrl": "https://www.instagram.com/o.filloas",
        "url": "https://www.instagram.com/p/CxJLS_1s4G9/",
        "commentsCount": 14,
        "timestamp": "2023-09-13T19:15:27.000Z"
    },
    {
        "inputUrl": "https://www.instagram.com/o.filloas",
        "url": "https://www.instagram.com/p/CwyKSThoVSn/",
        "commentsCount": 1,
        "timestamp": "2023-09-04T20:44:42.000Z"
    },
    {
        "inputUrl": "https://www.instagram.com/mondra.gz",
        "url": "https://www.instagram.com/p/Cx0-lL2sh8N/",
        "commentsCount": 51,
        "timestamp": "2023-09-30T19:31:08.000Z"
    },
    {
        "inputUrl": "https://www.instagram.com/soa_maria_",
        "url": "https://www.instagram.com/p/C1mJaeQscTE/",
        "commentsCount": 32,
        "timestamp": "2024-01-02T11:22:45.000Z"
    },
    {
        "inputUrl": "https://www.instagram.com/soa_maria_",
        "url": "https://www.instagram.com/p/C06C1vSsMe_/",
        "commentsCount": 7,
        "timestamp": "2023-12-16T08:23:22.000Z"
    },
    {
        "inputUrl": "https://www.instagram.com/soa_maria_",
        "url": "https://www.instagram.com/p/C0cS0fps0ga/",
        "commentsCount": 18,
        "timestamp": "2023-12-04T19:01:09.000Z"
    },
    {
        "inputUrl": "https://www.instagram.com/mondra.gz",
        "url": "https://www.instagram.com/p/CxoENjwsnZQ/",
        "commentsCount": 44,
        "timestamp": "2023-09-25T19:10:12.000Z"
    },
    {
        "inputUrl": "https://www.instagram.com/soa_maria_",
        "url": "https://www.instagram.com/p/CwsB0EKMsac/",
        "commentsCount": 18,
        "timestamp": "2023-09-02T11:34:49.000Z"
    },
    {
        "inputUrl": "https://www.instagram.com/mondra.gz",
        "url": "https://www.instagram.com/p/CxTd_6isEoR/",
        "commentsCount": 31,
        "timestamp": "2023-09-17T19:11:29.000Z"
    },
    {
        "inputUrl": "https://www.instagram.com/manuelepardo",
        "url": "https://www.instagram.com/p/C1MhGAvN-DY/",
        "commentsCount": 4,
        "timestamp": "2023-12-23T12:29:25.000Z"
    },
    {
        "inputUrl": "https://www.instagram.com/soa_maria_",
        "url": "https://www.instagram.com/p/Cz01YAIMDuJ/",
        "commentsCount": 19,
        "timestamp": "2023-11-19T11:13:29.000Z"
    },
    {
        "inputUrl": "https://www.instagram.com/soa_maria_",
        "url": "https://www.instagram.com/p/Cw-iYQWsIP-/",
        "commentsCount": 13,
        "timestamp": "2023-09-09T16:05:43.000Z"
    },
    {
        "inputUrl": "https://www.instagram.com/mondra.gz",
        "url": "https://www.instagram.com/p/CxLus0MMpSL/",
        "commentsCount": 5,
        "timestamp": "2023-09-14T19:07:44.000Z"
    },
    {
        "inputUrl": "https://www.instagram.com/mondra.gz",
        "url": "https://www.instagram.com/p/CxY6hd9MQ__/",
        "commentsCount": 35,
        "timestamp": "2023-09-19T22:00:14.000Z"
    },
    {
        "inputUrl": "https://www.instagram.com/erismackenzie",
        "url": "https://www.instagram.com/p/C22NeM5sHNb/",
        "commentsCount": 25,
        "timestamp": "2024-02-02T13:45:05.000Z"
    },
    {
        "inputUrl": "https://www.instagram.com/xisco.feijoo",
        "url": "https://www.instagram.com/p/C5VfElOs084/",
        "commentsCount": 6,
        "timestamp": "2024-04-04T10:12:10.000Z"
    },
    {
        "inputUrl": "https://www.instagram.com/xisco.feijoo",
        "url": "https://www.instagram.com/p/C5iEwZOM_o8/",
        "commentsCount": 3,
        "timestamp": "2024-04-09T07:34:25.000Z"
    },
    {
        "inputUrl": "https://www.instagram.com/manuelepardo",
        "url": "https://www.instagram.com/p/CzzIHNjoS9v/",
        "commentsCount": 6,
        "timestamp": "2023-11-18T19:18:44.000Z"
    },
    {
        "inputUrl": "https://www.instagram.com/pilipampin",
        "url": "https://www.instagram.com/p/C32vrS5sTIk/",
        "commentsCount": 6,
        "timestamp": "2024-02-27T15:11:51.000Z"
    },
    {
        "inputUrl": "https://www.instagram.com/aidatarrio",
        "url": "https://www.instagram.com/p/C0PpD17MGPj/",
        "commentsCount": 68,
        "timestamp": "2023-11-29T21:05:22.000Z"
    },
    {
        "inputUrl": "https://www.instagram.com/erismackenzie",
        "url": "https://www.instagram.com/p/C2NwlpEsObb/",
        "commentsCount": 6,
        "timestamp": "2024-01-17T20:35:27.000Z"
    },
    {
        "inputUrl": "https://www.instagram.com/xisco.feijoo",
        "url": "https://www.instagram.com/p/C5QnBAosEih/",
        "commentsCount": 8,
        "timestamp": "2024-04-02T12:49:36.000Z"
    },
    {
        "inputUrl": "https://www.instagram.com/xisco.feijoo",
        "url": "https://www.instagram.com/p/C5Sj03TMmQn/",
        "commentsCount": 5,
        "timestamp": "2024-04-03T06:56:45.000Z"
    },
    {
        "inputUrl": "https://www.instagram.com/xisco.feijoo",
        "url": "https://www.instagram.com/p/C5ksR1BMKva/",
        "commentsCount": 2,
        "timestamp": "2024-04-10T07:54:37.000Z"
    },
    {
        "inputUrl": "https://www.instagram.com/erismackenzie",
        "url": "https://www.instagram.com/p/C2AYa-OMgC2/",
        "commentsCount": 32,
        "timestamp": "2024-01-12T15:59:50.000Z"
    },
    {
        "inputUrl": "https://www.instagram.com/erismackenzie",
        "url": "https://www.instagram.com/p/Cy36JKRMJmj/",
        "commentsCount": 8,
        "timestamp": "2023-10-26T19:24:52.000Z"
    },
    {
        "inputUrl": "https://www.instagram.com/erismackenzie",
        "url": "https://www.instagram.com/p/C1j_MBxMgp6/",
        "commentsCount": 10,
        "timestamp": "2024-01-01T15:36:47.000Z"
    },
    {
        "inputUrl": "https://www.instagram.com/erismackenzie",
        "url": "https://www.instagram.com/p/CyMK5I5sBVd/",
        "commentsCount": 8,
        "timestamp": "2023-10-09T19:45:13.000Z"
    },
    {
        "inputUrl": "https://www.instagram.com/pilipampin",
        "url": "https://www.instagram.com/p/CxNOSfLshQy/",
        "commentsCount": 41,
        "timestamp": "2023-09-15T09:01:50.000Z"
    },
    {
        "inputUrl": "https://www.instagram.com/punkita_",
        "url": "https://www.instagram.com/p/C0bmhCQsF6-/",
        "commentsCount": 15,
        "timestamp": "2023-12-04T12:34:01.000Z"
    },
    {
        "inputUrl": "https://www.instagram.com/punkita_",
        "url": "https://www.instagram.com/p/CygdhWlMTSN/",
        "commentsCount": 14,
        "timestamp": "2023-10-17T16:48:50.000Z"
    },
    {
        "inputUrl": "https://www.instagram.com/xisco.feijoo",
        "url": "https://www.instagram.com/p/C4ye0gWsxkk/",
        "commentsCount": 1,
        "timestamp": "2024-03-21T20:00:45.000Z"
    },
    {
        "inputUrl": "https://www.instagram.com/erismackenzie",
        "url": "https://www.instagram.com/p/C2sfyMlM0CY/",
        "commentsCount": 57,
        "timestamp": "2024-01-29T19:05:04.000Z"
    },
    {
        "inputUrl": "https://www.instagram.com/erismackenzie",
        "url": "https://www.instagram.com/p/C2xrYOXs_36/",
        "commentsCount": 77,
        "timestamp": "2024-01-31T19:23:44.000Z"
    },
    {
        "inputUrl": "https://www.instagram.com/xisco.feijoo",
        "url": "https://www.instagram.com/p/C4-bhmesFrO/",
        "commentsCount": 5,
        "timestamp": "2024-03-26T11:18:01.000Z"
    },
    {
        "inputUrl": "https://www.instagram.com/manuelepardo",
        "url": "https://www.instagram.com/p/CxxYEeroqyI/",
        "commentsCount": 1,
        "timestamp": "2023-09-29T10:00:55.000Z"
    },
    {
        "inputUrl": "https://www.instagram.com/manuelepardo",
        "url": "https://www.instagram.com/p/Cxl6M9OoIkt/",
        "commentsCount": 2,
        "timestamp": "2023-09-24T23:04:16.000Z"
    },
    {
        "inputUrl": "https://www.instagram.com/manuelepardo",
        "url": "https://www.instagram.com/p/CxvH3JtIm0F/",
        "commentsCount": 8,
        "timestamp": "2023-09-28T12:56:47.000Z"
    },
    {
        "inputUrl": "https://www.instagram.com/manuelepardo",
        "url": "https://www.instagram.com/p/CxTPZNXIfqF/",
        "commentsCount": 0,
        "timestamp": "2023-09-17T17:03:52.000Z"
    },
    {
        "inputUrl": "https://www.instagram.com/manuelepardo",
        "url": "https://www.instagram.com/p/CwyT3jVN5xk/",
        "commentsCount": 3,
        "timestamp": "2023-09-04T22:08:01.000Z"
    },
    {
        "inputUrl": "https://www.instagram.com/mondra.gz",
        "url": "https://www.instagram.com/p/CxOVd1cM0yL/",
        "commentsCount": 8,
        "timestamp": "2023-09-15T19:20:43.000Z"
    },
    {
        "inputUrl": "https://www.instagram.com/erismackenzie",
        "url": "https://www.instagram.com/p/C1VHtPqsZFW/",
        "commentsCount": 29,
        "timestamp": "2023-12-26T20:40:45.000Z"
    },
    {
        "inputUrl": "https://www.instagram.com/jasper_nao",
        "url": "https://www.instagram.com/p/CwqErE1M884/",
        "commentsCount": 1,
        "timestamp": "2023-09-01T17:21:19.000Z"
    },
    {
        "inputUrl": "https://www.instagram.com/sabelamaneiro.txg",
        "url": "https://www.instagram.com/p/CzWTem-sBnu/",
        "commentsCount": 58,
        "timestamp": "2023-11-07T14:40:04.000Z"
    },
    {
        "inputUrl": "https://www.instagram.com/erismackenzie",
        "url": "https://www.instagram.com/p/C30vWUKMOc3/",
        "commentsCount": 6,
        "timestamp": "2024-02-26T20:27:19.000Z"
    },
    {
        "inputUrl": "https://www.instagram.com/punkita_",
        "url": "https://www.instagram.com/p/CwxU2yWMnuJ/",
        "commentsCount": 16,
        "timestamp": "2023-09-04T12:57:25.000Z"
    },
    {
        "inputUrl": "https://www.instagram.com/olaia_maneiro",
        "url": "https://www.instagram.com/p/C5Isy0XsuL8/",
        "commentsCount": 51,
        "timestamp": "2024-03-30T11:00:17.000Z"
    },
    {
        "inputUrl": "https://www.instagram.com/xabierdiaz_music",
        "url": "https://www.instagram.com/p/C4pvr5CNCar/",
        "commentsCount": 0,
        "timestamp": "2024-03-18T10:30:48.000Z"
    },
    {
        "inputUrl": "https://www.instagram.com/jasper_nao",
        "url": "https://www.instagram.com/p/C3bXWQIKyu0/",
        "commentsCount": 10,
        "timestamp": "2024-02-16T23:55:41.000Z"
    },
    {
        "inputUrl": "https://www.instagram.com/xabierdiaz_music",
        "url": "https://www.instagram.com/p/C4YGf2gNSZD/",
        "commentsCount": 2,
        "timestamp": "2024-03-11T14:02:42.000Z"
    },
    {
        "inputUrl": "https://www.instagram.com/xabierdiaz_music",
        "url": "https://www.instagram.com/p/C4d6OYqoxB8/",
        "commentsCount": 23,
        "timestamp": "2024-03-13T20:10:47.000Z"
    },
    {
        "inputUrl": "https://www.instagram.com/xabierdiaz_music",
        "url": "https://www.instagram.com/p/C4sr99_sRhM/",
        "commentsCount": 0,
        "timestamp": "2024-03-19T13:54:20.000Z"
    },
    {
        "inputUrl": "https://www.instagram.com/susana_seivane",
        "url": "https://www.instagram.com/p/C5SntMwMm9U/",
        "commentsCount": 26,
        "timestamp": "2024-04-03T07:31:23.000Z"
    },
    {
        "inputUrl": "https://www.instagram.com/xabierdiaz_music",
        "url": "https://www.instagram.com/p/C4i-5bDMb_D/",
        "commentsCount": 0,
        "timestamp": "2024-03-15T19:27:19.000Z"
    },
    {
        "inputUrl": "https://www.instagram.com/xabierdiaz_music",
        "url": "https://www.instagram.com/p/C4oMfMPsClW/",
        "commentsCount": 1,
        "timestamp": "2024-03-17T20:02:17.000Z"
    },
    {
        "inputUrl": "https://www.instagram.com/its.marianmusic",
        "url": "https://www.instagram.com/p/C3YVvPvNA3q/",
        "commentsCount": 33,
        "timestamp": "2024-02-15T19:52:17.000Z"
    },
    {
        "inputUrl": "https://www.instagram.com/susana_seivane",
        "url": "https://www.instagram.com/p/C3kjXH2tSw1/",
        "commentsCount": 8,
        "timestamp": "2024-02-20T13:33:48.000Z"
    },
    {
        "inputUrl": "https://www.instagram.com/olaia_maneiro",
        "url": "https://www.instagram.com/p/Cy3ul4ksra5/",
        "commentsCount": 39,
        "timestamp": "2023-10-26T17:40:32.000Z"
    },
    {
        "inputUrl": "https://www.instagram.com/xabierdiaz_music",
        "url": "https://www.instagram.com/p/C4Vg5mmsMZK/",
        "commentsCount": 15,
        "timestamp": "2024-03-10T13:55:05.000Z"
    },
    {
        "inputUrl": "https://www.instagram.com/olaia_maneiro",
        "url": "https://www.instagram.com/p/CyLkQZnMiLt/",
        "commentsCount": 77,
        "timestamp": "2023-10-09T14:03:38.000Z"
    },
    {
        "inputUrl": "https://www.instagram.com/xabierdiaz_music",
        "url": "https://www.instagram.com/p/C4D8GNmsWOP/",
        "commentsCount": 1606,
        "timestamp": "2024-03-03T18:09:34.000Z"
    },
    {
        "inputUrl": "https://www.instagram.com/xabierdiaz_music",
        "url": "https://www.instagram.com/p/C4AuOaMMgQR/",
        "commentsCount": 9,
        "timestamp": "2024-03-02T12:15:35.000Z"
    },
    {
        "inputUrl": "https://www.instagram.com/xabierdiaz_music",
        "url": "https://www.instagram.com/p/C4Q6kTWM0Is/",
        "commentsCount": 37,
        "timestamp": "2024-03-08T19:04:27.000Z"
    },
    {
        "inputUrl": "https://www.instagram.com/olaia_maneiro",
        "url": "https://www.instagram.com/p/CzLZpNfMmN3/",
        "commentsCount": 24,
        "timestamp": "2023-11-03T09:16:59.000Z"
    },
    {
        "inputUrl": "https://www.instagram.com/olaia_maneiro",
        "url": "https://www.instagram.com/p/CxktotlsKJ1/",
        "commentsCount": 50,
        "timestamp": "2023-09-24T12:02:13.000Z"
    },
    {
        "inputUrl": "https://www.instagram.com/olaia_maneiro",
        "url": "https://www.instagram.com/p/CxdMn1wMDQy/",
        "commentsCount": 93,
        "timestamp": "2023-09-21T13:52:03.000Z"
    },
    {
        "inputUrl": "https://www.instagram.com/olaia_maneiro",
        "url": "https://www.instagram.com/p/CxfKNbHsHci/",
        "commentsCount": 39,
        "timestamp": "2023-09-22T08:09:27.000Z"
    },
    {
        "inputUrl": "https://www.instagram.com/olaia_maneiro",
        "url": "https://www.instagram.com/p/CxCv6-kMd1P/",
        "commentsCount": 45,
        "timestamp": "2023-09-11T07:21:00.000Z"
    },
    {
        "inputUrl": "https://www.instagram.com/olaia_maneiro",
        "url": "https://www.instagram.com/p/CwqEnjvMkEs/",
        "commentsCount": 46,
        "timestamp": "2023-09-01T17:23:32.000Z"
    },
    {
        "inputUrl": "https://www.instagram.com/susana_seivane",
        "url": "https://www.instagram.com/p/C1W0wJisoru/",
        "commentsCount": 12,
        "timestamp": "2023-12-27T12:33:36.000Z"
    },
    {
        "inputUrl": "https://www.instagram.com/soa_maria_",
        "url": "https://www.instagram.com/p/C4F54zEsHh8/",
        "commentsCount": 39,
        "timestamp": "2024-03-04T12:31:24.000Z"
    },
    {
        "inputUrl": "https://www.instagram.com/susana_seivane",
        "url": "https://www.instagram.com/p/C06oTIxsM8m/",
        "commentsCount": 9,
        "timestamp": "2023-12-16T13:46:03.000Z"
    },
    {
        "inputUrl": "https://www.instagram.com/o.filloas",
        "url": "https://www.instagram.com/p/C2-qTyssTtE/",
        "commentsCount": 4,
        "timestamp": "2024-02-05T20:31:14.000Z"
    },
    {
        "inputUrl": "https://www.instagram.com/susana_seivane",
        "url": "https://www.instagram.com/p/C0ZXSCCMKMg/",
        "commentsCount": 29,
        "timestamp": "2023-12-03T15:47:36.000Z"
    },
    {
        "inputUrl": "https://www.instagram.com/susana_seivane",
        "url": "https://www.instagram.com/p/C0MujAtsczQ/",
        "commentsCount": 22,
        "timestamp": "2023-11-28T18:29:34.000Z"
    },
    {
        "inputUrl": "https://www.instagram.com/susana_seivane",
        "url": "https://www.instagram.com/p/C0TuMR4sPhT/",
        "commentsCount": 88,
        "timestamp": "2023-12-01T11:21:29.000Z"
    },
    {
        "inputUrl": "https://www.instagram.com/susana_seivane",
        "url": "https://www.instagram.com/p/C1P4d5oMjNt/",
        "commentsCount": 13,
        "timestamp": "2023-12-24T19:56:32.000Z"
    },
    {
        "inputUrl": "https://www.instagram.com/susana_seivane",
        "url": "https://www.instagram.com/p/C0jJiZssCE7/",
        "commentsCount": 40,
        "timestamp": "2023-12-07T10:54:43.000Z"
    },
    {
        "inputUrl": "https://www.instagram.com/its.marianmusic",
        "url": "https://www.instagram.com/p/CxsKow6I_ve/",
        "commentsCount": 9,
        "timestamp": "2023-09-27T09:23:19.000Z"
    },
    {
        "inputUrl": "https://www.instagram.com/its.marianmusic",
        "url": "https://www.instagram.com/p/CyAuMPLI0sD/",
        "commentsCount": 2,
        "timestamp": "2023-10-05T09:02:01.000Z"
    },
    {
        "inputUrl": "https://www.instagram.com/susana_seivane",
        "url": "https://www.instagram.com/p/C0OkdwOMEIh/",
        "commentsCount": 27,
        "timestamp": "2023-11-29T11:08:02.000Z"
    },
    {
        "inputUrl": "https://www.instagram.com/susana_seivane",
        "url": "https://www.instagram.com/p/C0RUXAosrl3/",
        "commentsCount": 6,
        "timestamp": "2023-11-30T12:47:28.000Z"
    },
    {
        "inputUrl": "https://www.instagram.com/o.filloas",
        "url": "https://www.instagram.com/p/CyeQ0pWsrMn/",
        "commentsCount": 7,
        "timestamp": "2023-10-16T20:19:23.000Z"
    },
    {
        "inputUrl": "https://www.instagram.com/mondra.gz",
        "url": "https://www.instagram.com/p/CyWXUqwMgIJ/",
        "commentsCount": 13,
        "timestamp": "2023-10-13T18:47:53.000Z"
    },
    {
        "inputUrl": "https://www.instagram.com/mondra.gz",
        "url": "https://www.instagram.com/p/CxD_7xEsmUW/",
        "commentsCount": 23,
        "timestamp": "2023-09-11T19:16:15.000Z"
    },
    {
        "inputUrl": "https://www.instagram.com/mondra.gz",
        "url": "https://www.instagram.com/p/CxbSxCPsApe/",
        "commentsCount": 33,
        "timestamp": "2023-09-20T20:16:15.000Z"
    },
    {
        "inputUrl": "https://www.instagram.com/erismackenzie",
        "url": "https://www.instagram.com/p/C2aeB_sMNW5/",
        "commentsCount": 17,
        "timestamp": "2024-01-22T19:09:05.000Z"
    },
    {
        "inputUrl": "https://www.instagram.com/mondra.gz",
        "url": "https://www.instagram.com/p/Cw0hov6My9C/",
        "commentsCount": 17,
        "timestamp": "2023-09-05T18:46:49.000Z"
    },
    {
        "inputUrl": "https://www.instagram.com/xisco.feijoo",
        "url": "https://www.instagram.com/p/C5ngMMAsknL/",
        "commentsCount": 3,
        "timestamp": "2024-04-11T10:09:57.000Z"
    },
    {
        "inputUrl": "https://www.instagram.com/xisco.feijoo",
        "url": "https://www.instagram.com/p/C5f3MEOtDDD/",
        "commentsCount": 4,
        "timestamp": "2024-04-08T10:54:55.000Z"
    },
    {
        "inputUrl": "https://www.instagram.com/erismackenzie",
        "url": "https://www.instagram.com/p/CzjoedPM7Qk/",
        "commentsCount": 15,
        "timestamp": "2023-11-12T18:58:08.000Z"
    },
    {
        "inputUrl": "https://www.instagram.com/erismackenzie",
        "url": "https://www.instagram.com/p/C17O8nqMD0N/",
        "commentsCount": 20,
        "timestamp": "2024-01-10T15:58:07.000Z"
    },
    {
        "inputUrl": "https://www.instagram.com/ses_musica",
        "url": "https://www.instagram.com/p/C1OtOblMDpp/",
        "commentsCount": 60,
        "timestamp": "2023-12-24T08:55:15.000Z"
    },
    {
        "inputUrl": "https://www.instagram.com/erismackenzie",
        "url": "https://www.instagram.com/p/C2IGntkM09D/",
        "commentsCount": 10,
        "timestamp": "2024-01-15T15:59:21.000Z"
    },
    {
        "inputUrl": "https://www.instagram.com/manuelepardo",
        "url": "https://www.instagram.com/p/Cx25JpGoVOn/",
        "commentsCount": 18,
        "timestamp": "2023-10-01T13:22:10.000Z"
    },
    {
        "inputUrl": "https://www.instagram.com/o.filloas",
        "url": "https://www.instagram.com/p/CwqT3D2MQfC/",
        "commentsCount": 8,
        "timestamp": "2023-09-01T19:34:02.000Z"
    },
    {
        "inputUrl": "https://www.instagram.com/xisco.feijoo",
        "url": "https://www.instagram.com/p/C30ok4yoCsp/",
        "commentsCount": 0,
        "timestamp": "2024-02-26T19:27:13.000Z"
    },
    {
        "inputUrl": "https://www.instagram.com/xisco.feijoo",
        "url": "https://www.instagram.com/p/C3qaixoM_9W/",
        "commentsCount": 7,
        "timestamp": "2024-02-22T20:13:52.000Z"
    },
    {
        "inputUrl": "https://www.instagram.com/xisco.feijoo",
        "url": "https://www.instagram.com/p/C4DKOqVMFHX/",
        "commentsCount": 0,
        "timestamp": "2024-03-03T10:52:58.000Z"
    },
    {
        "inputUrl": "https://www.instagram.com/xisco.feijoo",
        "url": "https://www.instagram.com/p/C3aTsjVNGUZ/",
        "commentsCount": 8,
        "timestamp": "2024-02-16T14:06:10.000Z"
    },
    {
        "inputUrl": "https://www.instagram.com/xisco.feijoo",
        "url": "https://www.instagram.com/p/C25XSNkM1EW/",
        "commentsCount": 6,
        "timestamp": "2024-02-03T19:02:43.000Z"
    },
    {
        "inputUrl": "https://www.instagram.com/xisco.feijoo",
        "url": "https://www.instagram.com/p/C3SNxVCsWe6/",
        "commentsCount": 0,
        "timestamp": "2024-02-13T10:39:04.000Z"
    },
    {
        "inputUrl": "https://www.instagram.com/xisco.feijoo",
        "url": "https://www.instagram.com/p/C4c42HHsi5R/",
        "commentsCount": 7,
        "timestamp": "2024-03-13T10:43:16.000Z"
    },
    {
        "inputUrl": "https://www.instagram.com/xabierdiaz_music",
        "url": "https://www.instagram.com/p/C3-mr_sNb81/",
        "commentsCount": 11,
        "timestamp": "2024-03-01T16:29:03.000Z"
    },
    {
        "inputUrl": "https://www.instagram.com/olaia_maneiro",
        "url": "https://www.instagram.com/p/CxXuLj_sq6Z/",
        "commentsCount": 51,
        "timestamp": "2023-09-19T10:49:51.000Z"
    },
    {
        "inputUrl": "https://www.instagram.com/xabierdiaz_music",
        "url": "https://www.instagram.com/p/C4dtVo0sXqK/",
        "commentsCount": 2,
        "timestamp": "2024-03-13T18:17:41.000Z"
    },
    {
        "inputUrl": "https://www.instagram.com/susana_seivane",
        "url": "https://www.instagram.com/p/C3DrWcvsAan/",
        "commentsCount": 10,
        "timestamp": "2024-02-07T19:08:51.000Z"
    },
    {
        "inputUrl": "https://www.instagram.com/xabierdiaz_music",
        "url": "https://www.instagram.com/p/C3QpHAlMiNQ/",
        "commentsCount": 4,
        "timestamp": "2024-02-12T19:59:13.000Z"
    },
    {
        "inputUrl": "https://www.instagram.com/xabierdiaz_music",
        "url": "https://www.instagram.com/p/C3s9GfxMXs3/",
        "commentsCount": 14,
        "timestamp": "2024-02-23T19:55:37.000Z"
    },
    {
        "inputUrl": "https://www.instagram.com/susana_seivane",
        "url": "https://www.instagram.com/p/C1CElqrM57k/",
        "commentsCount": 22,
        "timestamp": "2023-12-19T11:07:56.000Z"
    },
    {
        "inputUrl": "https://www.instagram.com/xabierdiaz_music",
        "url": "https://www.instagram.com/p/C20S0kaMWn1/",
        "commentsCount": 16,
        "timestamp": "2024-02-01T19:48:21.000Z"
    },
    {
        "inputUrl": "https://www.instagram.com/xabierdiaz_music",
        "url": "https://www.instagram.com/p/C3GSdFXN2Sd/",
        "commentsCount": 7,
        "timestamp": "2024-02-08T19:32:58.000Z"
    },
    {
        "inputUrl": "https://www.instagram.com/xabierdiaz_music",
        "url": "https://www.instagram.com/p/C3H6elyNdsO/",
        "commentsCount": 48,
        "timestamp": "2024-02-09T10:41:28.000Z"
    },
    {
        "inputUrl": "https://www.instagram.com/xabierdiaz_music",
        "url": "https://www.instagram.com/p/C3DxEy6Mx2F/",
        "commentsCount": 32,
        "timestamp": "2024-02-07T20:08:30.000Z"
    },
    {
        "inputUrl": "https://www.instagram.com/xabierdiaz_music",
        "url": "https://www.instagram.com/p/C28WR8xsx4J/",
        "commentsCount": 70,
        "timestamp": "2024-02-04T23:00:36.000Z"
    },
    {
        "inputUrl": "https://www.instagram.com/xabierdiaz_music",
        "url": "https://www.instagram.com/p/C3lPNssMRbB/",
        "commentsCount": 9,
        "timestamp": "2024-02-20T19:58:32.000Z"
    },
    {
        "inputUrl": "https://www.instagram.com/susana_seivane",
        "url": "https://www.instagram.com/p/C0t1JYdMjOr/",
        "commentsCount": 14,
        "timestamp": "2023-12-11T14:28:11.000Z"
    },
    {
        "inputUrl": "https://www.instagram.com/xabierdiaz_music",
        "url": "https://www.instagram.com/p/C3VJPz6NUJU/",
        "commentsCount": 13,
        "timestamp": "2024-02-14T13:57:00.000Z"
    },
    {
        "inputUrl": "https://www.instagram.com/xabierdiaz_music",
        "url": "https://www.instagram.com/p/C5oZn2istnG/",
        "commentsCount": 8,
        "timestamp": "2024-04-11T18:31:48.000Z"
    },
    {
        "inputUrl": "https://www.instagram.com/susana_seivane",
        "url": "https://www.instagram.com/p/CzXERYpsksu/",
        "commentsCount": 21,
        "timestamp": "2023-11-07T21:46:26.000Z"
    },
    {
        "inputUrl": "https://www.instagram.com/susana_seivane",
        "url": "https://www.instagram.com/p/CzgxxGos3ZM/",
        "commentsCount": 7,
        "timestamp": "2023-11-11T16:17:08.000Z"
    },
    {
        "inputUrl": "https://www.instagram.com/susana_seivane",
        "url": "https://www.instagram.com/p/CydhFO7s8lo/",
        "commentsCount": 15,
        "timestamp": "2023-10-16T13:22:13.000Z"
    },
    {
        "inputUrl": "https://www.instagram.com/susana_seivane",
        "url": "https://www.instagram.com/p/CxfaoALMZGW/",
        "commentsCount": 17,
        "timestamp": "2023-09-22T10:32:54.000Z"
    },
    {
        "inputUrl": "https://www.instagram.com/xisco.feijoo",
        "url": "https://www.instagram.com/p/C3IEXzWsaQG/",
        "commentsCount": 2,
        "timestamp": "2024-02-09T12:12:11.000Z"
    },
    {
        "inputUrl": "https://www.instagram.com/xisco.feijoo",
        "url": "https://www.instagram.com/p/C3k7R4OstOA/",
        "commentsCount": 5,
        "timestamp": "2024-02-20T17:02:55.000Z"
    },
    {
        "inputUrl": "https://www.instagram.com/xisco.feijoo",
        "url": "https://www.instagram.com/p/C2N2C0LMakS/",
        "commentsCount": 1,
        "timestamp": "2024-01-17T21:29:26.000Z"
    },
    {
        "inputUrl": "https://www.instagram.com/susana_seivane",
        "url": "https://www.instagram.com/p/C0HViGyMf4J/",
        "commentsCount": 29,
        "timestamp": "2023-11-26T15:40:48.000Z"
    },
    {
        "inputUrl": "https://www.instagram.com/xisco.feijoo",
        "url": "https://www.instagram.com/p/C2XjShvsX4N/",
        "commentsCount": 2,
        "timestamp": "2024-01-21T15:54:15.000Z"
    },
    {
        "inputUrl": "https://www.instagram.com/xisco.feijoo",
        "url": "https://www.instagram.com/p/C2r0BgEs5J4/",
        "commentsCount": 2,
        "timestamp": "2024-01-29T12:45:44.000Z"
    },
    {
        "inputUrl": "https://www.instagram.com/xisco.feijoo",
        "url": "https://www.instagram.com/p/C1uU5BTsvEV/",
        "commentsCount": 2,
        "timestamp": "2024-01-05T15:42:52.000Z"
    },
    {
        "inputUrl": "https://www.instagram.com/xisco.feijoo",
        "url": "https://www.instagram.com/p/C2RlgtoM3PG/",
        "commentsCount": 5,
        "timestamp": "2024-01-19T08:21:21.000Z"
    },
    {
        "inputUrl": "https://www.instagram.com/xisco.feijoo",
        "url": "https://www.instagram.com/p/C1ujDa8MUON/",
        "commentsCount": 6,
        "timestamp": "2024-01-05T17:41:40.000Z"
    },
    {
        "inputUrl": "https://www.instagram.com/xisco.feijoo",
        "url": "https://www.instagram.com/p/C2LJ6XHsKOB/",
        "commentsCount": 0,
        "timestamp": "2024-01-16T20:21:59.000Z"
    },
    {
        "inputUrl": "https://www.instagram.com/xabierdiaz_music",
        "url": "https://www.instagram.com/p/C223eWRsDn1/",
        "commentsCount": 15,
        "timestamp": "2024-02-02T19:51:05.000Z"
    },
    {
        "inputUrl": "https://www.instagram.com/xisco.feijoo",
        "url": "https://www.instagram.com/p/C1r_DC1MRiC/",
        "commentsCount": 0,
        "timestamp": "2024-01-04T17:50:49.000Z"
    },
    {
        "inputUrl": "https://www.instagram.com/xisco.feijoo",
        "url": "https://www.instagram.com/p/C173jjRMhWk/",
        "commentsCount": 1,
        "timestamp": "2024-01-10T21:53:28.000Z"
    },
    {
        "inputUrl": "https://www.instagram.com/xisco.feijoo",
        "url": "https://www.instagram.com/p/C2SulZOMexy/",
        "commentsCount": 4,
        "timestamp": "2024-01-19T18:59:37.000Z"
    },
    {
        "inputUrl": "https://www.instagram.com/xabierdiaz_music",
        "url": "https://www.instagram.com/p/C19C5IBtP2d/",
        "commentsCount": 4,
        "timestamp": "2024-01-11T08:48:47.000Z"
    },
    {
        "inputUrl": "https://www.instagram.com/xabierdiaz_music",
        "url": "https://www.instagram.com/p/C2vKx6Zs1u2/",
        "commentsCount": 10,
        "timestamp": "2024-01-30T20:00:30.000Z"
    },
    {
        "inputUrl": "https://www.instagram.com/xabierdiaz_music",
        "url": "https://www.instagram.com/p/C2VLAI2MPmz/",
        "commentsCount": 20,
        "timestamp": "2024-01-20T17:46:41.000Z"
    },
    {
        "inputUrl": "https://www.instagram.com/xabierdiaz_music",
        "url": "https://www.instagram.com/p/C2iQOFIs7Ef/",
        "commentsCount": 3,
        "timestamp": "2024-01-25T19:37:07.000Z"
    },
    {
        "inputUrl": "https://www.instagram.com/xabierdiaz_music",
        "url": "https://www.instagram.com/p/C2k3xXDsY2p/",
        "commentsCount": 13,
        "timestamp": "2024-01-26T20:02:22.000Z"
    },
    {
        "inputUrl": "https://www.instagram.com/xabierdiaz_music",
        "url": "https://www.instagram.com/p/C12f4OrMJ0t/",
        "commentsCount": 29,
        "timestamp": "2024-01-08T19:58:51.000Z"
    },
    {
        "inputUrl": "https://www.instagram.com/xabierdiaz_music",
        "url": "https://www.instagram.com/p/C2LI2dEsJlb/",
        "commentsCount": 48,
        "timestamp": "2024-01-16T20:11:16.000Z"
    },
    {
        "inputUrl": "https://www.instagram.com/xabierdiaz_music",
        "url": "https://www.instagram.com/p/C2AzeqcsFzO/",
        "commentsCount": 5,
        "timestamp": "2024-01-12T19:51:21.000Z"
    },
    {
        "inputUrl": "https://www.instagram.com/xabierdiaz_music",
        "url": "https://www.instagram.com/p/C1nElPzMj1c/",
        "commentsCount": 16,
        "timestamp": "2024-01-02T20:00:50.000Z"
    },
    {
        "inputUrl": "https://www.instagram.com/xabierdiaz_music",
        "url": "https://www.instagram.com/p/C1reHnuMGI6/",
        "commentsCount": 7,
        "timestamp": "2024-01-04T12:59:53.000Z"
    },
    {
        "inputUrl": "https://www.instagram.com/xabierdiaz_music",
        "url": "https://www.instagram.com/p/C2X19ySs-TA/",
        "commentsCount": 7,
        "timestamp": "2024-01-21T18:34:51.000Z"
    },
    {
        "inputUrl": "https://www.instagram.com/xisco.feijoo",
        "url": "https://www.instagram.com/p/C32fAFBs4y8/",
        "commentsCount": 1,
        "timestamp": "2024-02-27T13:06:20.000Z"
    },
    {
        "inputUrl": "https://www.instagram.com/xisco.feijoo",
        "url": "https://www.instagram.com/p/C4uyVp0MbCL/",
        "commentsCount": 1,
        "timestamp": "2024-03-20T09:30:25.000Z"
    },
    {
        "inputUrl": "https://www.instagram.com/xabierdiaz_music",
        "url": "https://www.instagram.com/p/C4ga0rYsvMP/",
        "commentsCount": 10,
        "timestamp": "2024-03-14T19:35:56.000Z"
    },
    {
        "inputUrl": "https://www.instagram.com/xisco.feijoo",
        "url": "https://www.instagram.com/p/C2hd9HjsD7N/",
        "commentsCount": 0,
        "timestamp": "2024-01-25T12:18:44.000Z"
    },
    {
        "inputUrl": "https://www.instagram.com/xisco.feijoo",
        "url": "https://www.instagram.com/p/C2uNmerM8Q3/",
        "commentsCount": 4,
        "timestamp": "2024-01-30T11:10:34.000Z"
    },
    {
        "inputUrl": "https://www.instagram.com/xabierdiaz_music",
        "url": "https://www.instagram.com/p/C33Pwj4sSxL/",
        "commentsCount": 0,
        "timestamp": "2024-02-27T19:48:05.000Z"
    },
    {
        "inputUrl": "https://www.instagram.com/xisco.feijoo",
        "url": "https://www.instagram.com/p/C4C0s3KsqJ_/",
        "commentsCount": 2,
        "timestamp": "2024-03-03T07:43:47.000Z"
    },
    {
        "inputUrl": "https://www.instagram.com/xabierdiaz_music",
        "url": "https://www.instagram.com/p/C1epJkeNnBt/",
        "commentsCount": 8,
        "timestamp": "2023-12-30T13:30:15.000Z"
    },
    {
        "inputUrl": "https://www.instagram.com/xabierdiaz_music",
        "url": "https://www.instagram.com/p/C2dIsyisOB-/",
        "commentsCount": 13,
        "timestamp": "2024-01-23T19:56:47.000Z"
    },
    {
        "inputUrl": "https://www.instagram.com/xabierdiaz_music",
        "url": "https://www.instagram.com/p/C1Ze39dswAJ/",
        "commentsCount": 7,
        "timestamp": "2023-12-28T13:29:19.000Z"
    },
    {
        "inputUrl": "https://www.instagram.com/xabierdiaz_music",
        "url": "https://www.instagram.com/p/C1PH4W_s8-A/",
        "commentsCount": 8,
        "timestamp": "2023-12-24T12:54:28.000Z"
    },
    {
        "inputUrl": "https://www.instagram.com/xabierdiaz_music",
        "url": "https://www.instagram.com/p/C04mvP5sBuz/",
        "commentsCount": 13,
        "timestamp": "2023-12-15T18:57:00.000Z"
    },
    {
        "inputUrl": "https://www.instagram.com/xabierdiaz_music",
        "url": "https://www.instagram.com/p/C0-LJ6QsxYn/",
        "commentsCount": 39,
        "timestamp": "2023-12-17T22:59:07.000Z"
    },
    {
        "inputUrl": "https://www.instagram.com/xabierdiaz_music",
        "url": "https://www.instagram.com/p/C0jbQ0_sb9N/",
        "commentsCount": 4,
        "timestamp": "2023-12-07T13:29:37.000Z"
    },
    {
        "inputUrl": "https://www.instagram.com/xabierdiaz_music",
        "url": "https://www.instagram.com/p/C1KpQbVMbsk/",
        "commentsCount": 12,
        "timestamp": "2023-12-22T19:02:16.000Z"
    },
    {
        "inputUrl": "https://www.instagram.com/xabierdiaz_music",
        "url": "https://www.instagram.com/p/C0msyhFsk0X/",
        "commentsCount": 18,
        "timestamp": "2023-12-08T20:00:00.000Z"
    },
    {
        "inputUrl": "https://www.instagram.com/xabierdiaz_music",
        "url": "https://www.instagram.com/p/C0rzxOwNUAw/",
        "commentsCount": 15,
        "timestamp": "2023-12-10T19:55:20.000Z"
    },
    {
        "inputUrl": "https://www.instagram.com/xabierdiaz_music",
        "url": "https://www.instagram.com/p/C1B9knyM3xu/",
        "commentsCount": 3,
        "timestamp": "2023-12-19T10:06:38.000Z"
    },
    {
        "inputUrl": "https://www.instagram.com/xabierdiaz_music",
        "url": "https://www.instagram.com/p/C1hN7eTNehj/",
        "commentsCount": 3,
        "timestamp": "2023-12-31T13:27:06.000Z"
    },
    {
        "inputUrl": "https://www.instagram.com/xabierdiaz_music",
        "url": "https://www.instagram.com/p/C0e-mWpMybf/",
        "commentsCount": 15,
        "timestamp": "2023-12-05T20:03:09.000Z"
    },
    {
        "inputUrl": "https://www.instagram.com/xabierdiaz_music",
        "url": "https://www.instagram.com/p/C0M8MG5MYak/",
        "commentsCount": 31,
        "timestamp": "2023-11-28T19:58:12.000Z"
    },
    {
        "inputUrl": "https://www.instagram.com/xabierdiaz_music",
        "url": "https://www.instagram.com/p/CzLxbu5LmYq/",
        "commentsCount": 0,
        "timestamp": "2023-11-03T12:30:10.000Z"
    },
    {
        "inputUrl": "https://www.instagram.com/xabierdiaz_music",
        "url": "https://www.instagram.com/p/C0B7q9UMY3P/",
        "commentsCount": 4,
        "timestamp": "2023-11-24T13:19:57.000Z"
    },
    {
        "inputUrl": "https://www.instagram.com/xabierdiaz_music",
        "url": "https://www.instagram.com/p/C0Wf4rhMp-X/",
        "commentsCount": 25,
        "timestamp": "2023-12-02T12:59:53.000Z"
    },
    {
        "inputUrl": "https://www.instagram.com/xabierdiaz_music",
        "url": "https://www.instagram.com/p/CzvYatssaQc/",
        "commentsCount": 19,
        "timestamp": "2023-11-17T08:29:25.000Z"
    },
    {
        "inputUrl": "https://www.instagram.com/xabierdiaz_music",
        "url": "https://www.instagram.com/p/Czd0tWZqj5i/",
        "commentsCount": 5,
        "timestamp": "2023-11-10T12:45:08.000Z"
    },
    {
        "inputUrl": "https://www.instagram.com/xabierdiaz_music",
        "url": "https://www.instagram.com/p/C0HH0PeMDzo/",
        "commentsCount": 6,
        "timestamp": "2023-11-26T13:40:57.000Z"
    },
    {
        "inputUrl": "https://www.instagram.com/xabierdiaz_music",
        "url": "https://www.instagram.com/p/Cz6uvPvM68i/",
        "commentsCount": 13,
        "timestamp": "2023-11-21T18:12:53.000Z"
    },
    {
        "inputUrl": "https://www.instagram.com/xabierdiaz_music",
        "url": "https://www.instagram.com/p/C0CgfqvMtfA/",
        "commentsCount": 8,
        "timestamp": "2023-11-24T18:41:10.000Z"
    },
    {
        "inputUrl": "https://www.instagram.com/xabierdiaz_music",
        "url": "https://www.instagram.com/p/C1Fpp5jshKu/",
        "commentsCount": 6,
        "timestamp": "2023-12-20T20:29:33.000Z"
    },
    {
        "inputUrl": "https://www.instagram.com/xabierdiaz_music",
        "url": "https://www.instagram.com/p/C0Uq4osMofz/",
        "commentsCount": 0,
        "timestamp": "2023-12-01T19:57:31.000Z"
    },
    {
        "inputUrl": "https://www.instagram.com/xabierdiaz_music",
        "url": "https://www.instagram.com/p/CzYkGUNi3Ld/",
        "commentsCount": 16,
        "timestamp": "2023-11-08T11:55:58.000Z"
    },
    {
        "inputUrl": "https://www.instagram.com/xabierdiaz_music",
        "url": "https://www.instagram.com/p/CzEtGtoNtlK/",
        "commentsCount": 6,
        "timestamp": "2023-10-31T18:37:40.000Z"
    },
    {
        "inputUrl": "https://www.instagram.com/xabierdiaz_music",
        "url": "https://www.instagram.com/p/CzGRO5ssIfk/",
        "commentsCount": 2,
        "timestamp": "2023-11-01T09:12:36.000Z"
    },
    {
        "inputUrl": "https://www.instagram.com/xabierdiaz_music",
        "url": "https://www.instagram.com/p/CzEDIltr0dB/",
        "commentsCount": 2,
        "timestamp": "2023-10-31T12:31:09.000Z"
    },
    {
        "inputUrl": "https://www.instagram.com/xabierdiaz_music",
        "url": "https://www.instagram.com/p/Cyid1ygI8gB/",
        "commentsCount": 2,
        "timestamp": "2023-10-18T11:30:07.000Z"
    },
    {
        "inputUrl": "https://www.instagram.com/xabierdiaz_music",
        "url": "https://www.instagram.com/p/Cy9Pej9MJVh/",
        "commentsCount": 5,
        "timestamp": "2023-10-28T21:04:06.000Z"
    },
    {
        "inputUrl": "https://www.instagram.com/xabierdiaz_music",
        "url": "https://www.instagram.com/p/CylvbHfJvjt/",
        "commentsCount": 13,
        "timestamp": "2023-10-19T18:01:40.000Z"
    },
    {
        "inputUrl": "https://www.instagram.com/xabierdiaz_music",
        "url": "https://www.instagram.com/p/Cy3LoVBMYsU/",
        "commentsCount": 6,
        "timestamp": "2023-10-26T12:35:02.000Z"
    },
    {
        "inputUrl": "https://www.instagram.com/xabierdiaz_music",
        "url": "https://www.instagram.com/p/CyvnCizs6n-/",
        "commentsCount": 1,
        "timestamp": "2023-10-23T14:03:38.000Z"
    },
    {
        "inputUrl": "https://www.instagram.com/xabierdiaz_music",
        "url": "https://www.instagram.com/p/Cyf5FAeL4rY/",
        "commentsCount": 7,
        "timestamp": "2023-10-17T11:30:37.000Z"
    },
    {
        "inputUrl": "https://www.instagram.com/xabierdiaz_music",
        "url": "https://www.instagram.com/p/CyqaNnLsGIT/",
        "commentsCount": 3,
        "timestamp": "2023-10-21T13:35:15.000Z"
    },
    {
        "inputUrl": "https://www.instagram.com/xabierdiaz_music",
        "url": "https://www.instagram.com/p/CzJg0qpMzkB/",
        "commentsCount": 16,
        "timestamp": "2023-11-02T15:31:30.000Z"
    },
    {
        "inputUrl": "https://www.instagram.com/xabierdiaz_music",
        "url": "https://www.instagram.com/p/CyNlrnYsF9K/",
        "commentsCount": 9,
        "timestamp": "2023-10-10T08:57:56.000Z"
    },
    {
        "inputUrl": "https://www.instagram.com/xabierdiaz_music",
        "url": "https://www.instagram.com/p/CyBI9GvMeA9/",
        "commentsCount": 13,
        "timestamp": "2023-10-05T12:54:49.000Z"
    },
    {
        "inputUrl": "https://www.instagram.com/xabierdiaz_music",
        "url": "https://www.instagram.com/p/Cx5IY0Dsj7W/",
        "commentsCount": 3,
        "timestamp": "2023-10-02T10:13:47.000Z"
    },
    {
        "inputUrl": "https://www.instagram.com/xabierdiaz_music",
        "url": "https://www.instagram.com/p/CyQySKRs4xz/",
        "commentsCount": 37,
        "timestamp": "2023-10-11T14:43:51.000Z"
    },
    {
        "inputUrl": "https://www.instagram.com/xabierdiaz_music",
        "url": "https://www.instagram.com/p/Cx-f8wgo7di/",
        "commentsCount": 0,
        "timestamp": "2023-10-04T12:15:52.000Z"
    },
    {
        "inputUrl": "https://www.instagram.com/xabierdiaz_music",
        "url": "https://www.instagram.com/p/CyGYH9KMEVw/",
        "commentsCount": 0,
        "timestamp": "2023-10-07T13:41:25.000Z"
    },
    {
        "inputUrl": "https://www.instagram.com/xabierdiaz_music",
        "url": "https://www.instagram.com/p/CyL5koeM_f0/",
        "commentsCount": 0,
        "timestamp": "2023-10-09T17:12:32.000Z"
    },
    {
        "inputUrl": "https://www.instagram.com/xabierdiaz_music",
        "url": "https://www.instagram.com/p/CxqLPuRsq58/",
        "commentsCount": 4,
        "timestamp": "2023-09-26T14:50:09.000Z"
    },
    {
        "inputUrl": "https://www.instagram.com/xabierdiaz_music",
        "url": "https://www.instagram.com/p/CxnPn5aI0k0/",
        "commentsCount": 10,
        "timestamp": "2023-09-25T11:30:57.000Z"
    },
    {
        "inputUrl": "https://www.instagram.com/xabierdiaz_music",
        "url": "https://www.instagram.com/p/Cxu--1ZsRLB/",
        "commentsCount": 13,
        "timestamp": "2023-09-28T11:39:11.000Z"
    },
    {
        "inputUrl": "https://www.instagram.com/xabierdiaz_music",
        "url": "https://www.instagram.com/p/CxlXFdNs_Hm/",
        "commentsCount": 5,
        "timestamp": "2023-09-24T17:57:24.000Z"
    },
    {
        "inputUrl": "https://www.instagram.com/xisco.feijoo",
        "url": "https://www.instagram.com/p/C1reNOTMYjr/",
        "commentsCount": 1,
        "timestamp": "2024-01-04T13:05:03.000Z"
    },
    {
        "inputUrl": "https://www.instagram.com/xisco.feijoo",
        "url": "https://www.instagram.com/p/C1Njzfitp5m/",
        "commentsCount": 3,
        "timestamp": "2023-12-23T22:12:55.000Z"
    },
    {
        "inputUrl": "https://www.instagram.com/xisco.feijoo",
        "url": "https://www.instagram.com/p/C0_-IQOs8I7/",
        "commentsCount": 1,
        "timestamp": "2023-12-18T15:40:14.000Z"
    },
    {
        "inputUrl": "https://www.instagram.com/xisco.feijoo",
        "url": "https://www.instagram.com/p/C1ITNe6MYzi/",
        "commentsCount": 4,
        "timestamp": "2023-12-21T21:17:10.000Z"
    },
    {
        "inputUrl": "https://www.instagram.com/xisco.feijoo",
        "url": "https://www.instagram.com/p/C1IWKZyMWnb/",
        "commentsCount": 367,
        "timestamp": "2023-12-21T21:36:57.000Z"
    },
    {
        "inputUrl": "https://www.instagram.com/xisco.feijoo",
        "url": "https://www.instagram.com/p/C1ps1JEshUy/",
        "commentsCount": 9,
        "timestamp": "2024-01-03T20:34:54.000Z"
    },
    {
        "inputUrl": "https://www.instagram.com/xisco.feijoo",
        "url": "https://www.instagram.com/p/C1FAcUOMtJA/",
        "commentsCount": 1,
        "timestamp": "2023-12-20T14:32:12.000Z"
    },
    {
        "inputUrl": "https://www.instagram.com/xisco.feijoo",
        "url": "https://www.instagram.com/p/C1mpnYZMT99/",
        "commentsCount": 9,
        "timestamp": "2024-01-02T16:04:21.000Z"
    },
    {
        "inputUrl": "https://www.instagram.com/xabierdiaz_music",
        "url": "https://www.instagram.com/p/CyayMv2MoPe/",
        "commentsCount": 17,
        "timestamp": "2023-10-15T11:57:07.000Z"
    },
    {
        "inputUrl": "https://www.instagram.com/xisco.feijoo",
        "url": "https://www.instagram.com/p/C1HjMDYMaLS/",
        "commentsCount": 5,
        "timestamp": "2023-12-21T14:13:29.000Z"
    },
    {
        "inputUrl": "https://www.instagram.com/xisco.feijoo",
        "url": "https://www.instagram.com/p/C1e0HqOs9Wx/",
        "commentsCount": 7,
        "timestamp": "2023-12-30T15:08:57.000Z"
    },
    {
        "inputUrl": "https://www.instagram.com/xabierdiaz_music",
        "url": "https://www.instagram.com/p/CxfhRKqI8Yu/",
        "commentsCount": 1,
        "timestamp": "2023-09-22T11:31:09.000Z"
    },
    {
        "inputUrl": "https://www.instagram.com/xabierdiaz_music",
        "url": "https://www.instagram.com/p/CxVN_gXIa8w/",
        "commentsCount": 10,
        "timestamp": "2023-09-18T11:30:07.000Z"
    },
    {
        "inputUrl": "https://www.instagram.com/xabierdiaz_music",
        "url": "https://www.instagram.com/p/CxXy4eKKxTM/",
        "commentsCount": 17,
        "timestamp": "2023-09-19T11:31:09.000Z"
    },
    {
        "inputUrl": "https://www.instagram.com/xabierdiaz_music",
        "url": "https://www.instagram.com/p/CxbALXusWn_/",
        "commentsCount": 4,
        "timestamp": "2023-09-20T17:24:50.000Z"
    },
    {
        "inputUrl": "https://www.instagram.com/xisco.feijoo",
        "url": "https://www.instagram.com/p/C1M2WZes4-4/",
        "commentsCount": 0,
        "timestamp": "2023-12-23T15:41:13.000Z"
    },
    {
        "inputUrl": "https://www.instagram.com/xabierdiaz_music",
        "url": "https://www.instagram.com/p/Cxc8dPLId1b/",
        "commentsCount": 5,
        "timestamp": "2023-09-21T11:31:17.000Z"
    },
    {
        "inputUrl": "https://www.instagram.com/xabierdiaz_music",
        "url": "https://www.instagram.com/p/Cw7PUThMrZN/",
        "commentsCount": 0,
        "timestamp": "2023-09-08T09:23:32.000Z"
    },
    {
        "inputUrl": "https://www.instagram.com/xabierdiaz_music",
        "url": "https://www.instagram.com/p/CxSb8m1sTmu/",
        "commentsCount": 7,
        "timestamp": "2023-09-17T09:36:57.000Z"
    },
    {
        "inputUrl": "https://www.instagram.com/xabierdiaz_music",
        "url": "https://www.instagram.com/p/Cw0XChEMF9Y/",
        "commentsCount": 11,
        "timestamp": "2023-09-05T17:14:13.000Z"
    },
    {
        "inputUrl": "https://www.instagram.com/xabierdiaz_music",
        "url": "https://www.instagram.com/p/Cw71cSqsSNF/",
        "commentsCount": 0,
        "timestamp": "2023-09-08T14:54:34.000Z"
    },
    {
        "inputUrl": "https://www.instagram.com/xabierdiaz_music",
        "url": "https://www.instagram.com/p/CxIWE0isegs/",
        "commentsCount": 31,
        "timestamp": "2023-09-13T11:37:23.000Z"
    },
    {
        "inputUrl": "https://www.instagram.com/xabierdiaz_music",
        "url": "https://www.instagram.com/p/CxDMi7VIgoj/",
        "commentsCount": 10,
        "timestamp": "2023-09-11T11:31:24.000Z"
    },
    {
        "inputUrl": "https://www.instagram.com/xisco.feijoo",
        "url": "https://www.instagram.com/p/C0sCN4-sTqx/",
        "commentsCount": 6,
        "timestamp": "2023-12-10T21:43:55.000Z"
    },
    {
        "inputUrl": "https://www.instagram.com/xisco.feijoo",
        "url": "https://www.instagram.com/p/C06fKLhsg52/",
        "commentsCount": 7,
        "timestamp": "2023-12-16T12:33:00.000Z"
    },
    {
        "inputUrl": "https://www.instagram.com/xisco.feijoo",
        "url": "https://www.instagram.com/p/C0PMK8-si-2/",
        "commentsCount": 1,
        "timestamp": "2023-11-29T17:10:11.000Z"
    },
    {
        "inputUrl": "https://www.instagram.com/xisco.feijoo",
        "url": "https://www.instagram.com/p/C0hKy2IsfS2/",
        "commentsCount": 17,
        "timestamp": "2023-12-06T16:27:14.000Z"
    },
    {
        "inputUrl": "https://www.instagram.com/xisco.feijoo",
        "url": "https://www.instagram.com/p/C0MxDk4s0Jt/",
        "commentsCount": 10,
        "timestamp": "2023-11-28T18:22:14.000Z"
    },
    {
        "inputUrl": "https://www.instagram.com/xabierdiaz_music",
        "url": "https://www.instagram.com/p/Cxh0vB2MFHF/",
        "commentsCount": 4,
        "timestamp": "2023-09-23T09:45:39.000Z"
    },
    {
        "inputUrl": "https://www.instagram.com/xisco.feijoo",
        "url": "https://www.instagram.com/p/C04mVrRsNSf/",
        "commentsCount": 11,
        "timestamp": "2023-12-15T18:56:25.000Z"
    },
    {
        "inputUrl": "https://www.instagram.com/xisco.feijoo",
        "url": "https://www.instagram.com/p/C0tmAEEsghw/",
        "commentsCount": 22,
        "timestamp": "2023-12-11T12:18:02.000Z"
    },
    {
        "inputUrl": "https://www.instagram.com/xisco.feijoo",
        "url": "https://www.instagram.com/p/C0Zvro2MMsk/",
        "commentsCount": 27,
        "timestamp": "2023-12-03T19:16:58.000Z"
    },
    {
        "inputUrl": "https://www.instagram.com/xisco.feijoo",
        "url": "https://www.instagram.com/p/Czq8Jn-sqAe/",
        "commentsCount": 9,
        "timestamp": "2023-11-15T15:00:17.000Z"
    },
    {
        "inputUrl": "https://www.instagram.com/xisco.feijoo",
        "url": "https://www.instagram.com/p/CztHOBTsDoe/",
        "commentsCount": 2,
        "timestamp": "2023-11-16T11:15:29.000Z"
    },
    {
        "inputUrl": "https://www.instagram.com/xabierdiaz_music",
        "url": "https://www.instagram.com/p/Cy5Ua5kPF7L/",
        "commentsCount": 0,
        "timestamp": "2023-10-27T08:30:20.000Z"
    },
    {
        "inputUrl": "https://www.instagram.com/xisco.feijoo",
        "url": "https://www.instagram.com/p/C0O5z0IMe_O/",
        "commentsCount": 11,
        "timestamp": "2023-11-29T14:30:57.000Z"
    },
    {
        "inputUrl": "https://www.instagram.com/xisco.feijoo",
        "url": "https://www.instagram.com/p/C0zDNwQNkGS/",
        "commentsCount": 10,
        "timestamp": "2023-12-13T15:07:19.000Z"
    },
    {
        "inputUrl": "https://www.instagram.com/xisco.feijoo",
        "url": "https://www.instagram.com/p/CzwKpaTMaqP/",
        "commentsCount": 3,
        "timestamp": "2023-11-17T15:43:09.000Z"
    },
    {
        "inputUrl": "https://www.instagram.com/xabierdiaz_music",
        "url": "https://www.instagram.com/p/CwxHqqAs8Mi/",
        "commentsCount": 38,
        "timestamp": "2023-09-04T11:11:05.000Z"
    },
    {
        "inputUrl": "https://www.instagram.com/xisco.feijoo",
        "url": "https://www.instagram.com/p/CzBqHBkMF83/",
        "commentsCount": 10,
        "timestamp": "2023-10-30T14:13:46.000Z"
    },
    {
        "inputUrl": "https://www.instagram.com/xisco.feijoo",
        "url": "https://www.instagram.com/p/CyY2KULslBZ/",
        "commentsCount": 12,
        "timestamp": "2023-10-14T17:52:02.000Z"
    },
    {
        "inputUrl": "https://www.instagram.com/xisco.feijoo",
        "url": "https://www.instagram.com/p/Cx_TmpxMsbT/",
        "commentsCount": 72,
        "timestamp": "2023-10-04T19:47:14.000Z"
    },
    {
        "inputUrl": "https://www.instagram.com/xisco.feijoo",
        "url": "https://www.instagram.com/p/CzbQTgDMc6E/",
        "commentsCount": 19,
        "timestamp": "2023-11-09T12:54:32.000Z"
    },
    {
        "inputUrl": "https://www.instagram.com/xisco.feijoo",
        "url": "https://www.instagram.com/p/CyONN5PMf4M/",
        "commentsCount": 10,
        "timestamp": "2023-10-10T14:41:36.000Z"
    },
    {
        "inputUrl": "https://www.instagram.com/xisco.feijoo",
        "url": "https://www.instagram.com/p/CxxOMVss7sI/",
        "commentsCount": 0,
        "timestamp": "2023-09-29T08:30:35.000Z"
    },
    {
        "inputUrl": "https://www.instagram.com/xabierdiaz_music",
        "url": "https://www.instagram.com/p/CwpgVyjMeO_/",
        "commentsCount": 0,
        "timestamp": "2023-09-01T12:03:51.000Z"
    },
    {
        "inputUrl": "https://www.instagram.com/xisco.feijoo",
        "url": "https://www.instagram.com/p/Cxstwzrsd8P/",
        "commentsCount": 19,
        "timestamp": "2023-09-27T14:30:15.000Z"
    },
    {
        "inputUrl": "https://www.instagram.com/xisco.feijoo",
        "url": "https://www.instagram.com/p/Cy9RSa1s0P-/",
        "commentsCount": 27,
        "timestamp": "2023-10-28T21:19:55.000Z"
    },
    {
        "inputUrl": "https://www.instagram.com/xisco.feijoo",
        "url": "https://www.instagram.com/p/CyqLqSEs8p8/",
        "commentsCount": 0,
        "timestamp": "2023-10-21T11:25:23.000Z"
    },
    {
        "inputUrl": "https://www.instagram.com/xisco.feijoo",
        "url": "https://www.instagram.com/p/CxxM7HosKSm/",
        "commentsCount": 0,
        "timestamp": "2023-09-29T08:19:30.000Z"
    },
    {
        "inputUrl": "https://www.instagram.com/xisco.feijoo",
        "url": "https://www.instagram.com/p/Cy-7pQXsgqv/",
        "commentsCount": 0,
        "timestamp": "2023-10-29T12:49:16.000Z"
    },
    {
        "inputUrl": "https://www.instagram.com/xisco.feijoo",
        "url": "https://www.instagram.com/p/CystVvisRQC/",
        "commentsCount": 3,
        "timestamp": "2023-10-22T10:58:08.000Z"
    },
    {
        "inputUrl": "https://www.instagram.com/xabierdiaz_music",
        "url": "https://www.instagram.com/p/CwsSH_RMY5i/",
        "commentsCount": 1,
        "timestamp": "2023-09-02T13:57:21.000Z"
    },
    {
        "inputUrl": "https://www.instagram.com/xisco.feijoo",
        "url": "https://www.instagram.com/p/CxlppmXsx9m/",
        "commentsCount": 16,
        "timestamp": "2023-09-24T20:39:38.000Z"
    },
    {
        "inputUrl": "https://www.instagram.com/xisco.feijoo",
        "url": "https://www.instagram.com/p/Cxna-glsHkM/",
        "commentsCount": 14,
        "timestamp": "2023-09-25T13:15:32.000Z"
    },
    {
        "inputUrl": "https://www.instagram.com/xisco.feijoo",
        "url": "https://www.instagram.com/p/CxARBJPMeUO/",
        "commentsCount": 3,
        "timestamp": "2023-09-10T08:12:29.000Z"
    },
    {
        "inputUrl": "https://www.instagram.com/xisco.feijoo",
        "url": "https://www.instagram.com/p/CxNudiZMqMI/",
        "commentsCount": 4,
        "timestamp": "2023-09-15T13:39:54.000Z"
    },
    {
        "inputUrl": "https://www.instagram.com/xisco.feijoo",
        "url": "https://www.instagram.com/p/CxIb68rskzm/",
        "commentsCount": 5,
        "timestamp": "2023-09-13T12:23:32.000Z"
    },
    {
        "inputUrl": "https://www.instagram.com/xisco.feijoo",
        "url": "https://www.instagram.com/p/CxLOzjBs8Fq/",
        "commentsCount": 2,
        "timestamp": "2023-09-14T14:24:48.000Z"
    },
    {
        "inputUrl": "https://www.instagram.com/xisco.feijoo",
        "url": "https://www.instagram.com/p/CxpjbuQszWv/",
        "commentsCount": 0,
        "timestamp": "2023-09-26T09:02:16.000Z"
    },
    {
        "inputUrl": "https://www.instagram.com/xisco.feijoo",
        "url": "https://www.instagram.com/p/CxaM6xns9xm/",
        "commentsCount": 14,
        "timestamp": "2023-09-20T09:56:55.000Z"
    },
    {
        "inputUrl": "https://www.instagram.com/xisco.feijoo",
        "url": "https://www.instagram.com/p/CxAt208MBm1/",
        "commentsCount": 25,
        "timestamp": "2023-09-10T12:24:29.000Z"
    },
    {
        "inputUrl": "https://www.instagram.com/xisco.feijoo",
        "url": "https://www.instagram.com/p/Cw_MsYUMS7d/",
        "commentsCount": 6,
        "timestamp": "2023-09-09T22:15:28.000Z"
    },
    {
        "inputUrl": "https://www.instagram.com/xisco.feijoo",
        "url": "https://www.instagram.com/p/CxdP3sesSY4/",
        "commentsCount": 22,
        "timestamp": "2023-09-21T14:20:26.000Z"
    },
    {
        "inputUrl": "https://www.instagram.com/xisco.feijoo",
        "url": "https://www.instagram.com/p/Cxg25xHN8iK/",
        "commentsCount": 17,
        "timestamp": "2023-09-22T23:59:14.000Z"
    },
    {
        "inputUrl": "https://www.instagram.com/xisco.feijoo",
        "url": "https://www.instagram.com/p/Cw7ZcAWsnCI/",
        "commentsCount": 4,
        "timestamp": "2023-09-08T10:49:51.000Z"
    },
    {
        "inputUrl": "https://www.instagram.com/xisco.feijoo",
        "url": "https://www.instagram.com/p/Cw6-GfqMf2A/",
        "commentsCount": 9,
        "timestamp": "2023-09-08T06:50:59.000Z"
    },
    {
        "inputUrl": "https://www.instagram.com/xisco.feijoo",
        "url": "https://www.instagram.com/p/CwyAEAWs3w1/",
        "commentsCount": 4,
        "timestamp": "2023-09-04T19:15:43.000Z"
    }
]