[
    {
        "inputUrl": "https://www.instagram.com/iago_pico",
        "url": "https://www.instagram.com/p/C4QKPlztrsC/",
        "commentsCount": 17,
        "timestamp": "2024-03-08T12:02:30.000Z"
    },
    {
        "inputUrl": "https://www.instagram.com/iago_pico",
        "url": "https://www.instagram.com/p/C3-Lzcrs9NF/",
        "commentsCount": 18,
        "timestamp": "2024-03-01T12:28:12.000Z"
    },
    {
        "inputUrl": "https://www.instagram.com/senora_dj",
        "url": "https://www.instagram.com/p/C5yOSWbsJ3k/",
        "commentsCount": 0,
        "timestamp": "2024-04-15T14:05:04.000Z"
    },
    {
        "inputUrl": "https://www.instagram.com/iago_pico",
        "url": "https://www.instagram.com/p/C3YVvPvNA3q/",
        "commentsCount": 33,
        "timestamp": "2024-02-15T19:52:17.000Z"
    },
    {
        "inputUrl": "https://www.instagram.com/iago_pico",
        "url": "https://www.instagram.com/p/C4LPx9mt4Wf/",
        "commentsCount": 39,
        "timestamp": "2024-03-06T14:15:07.000Z"
    },
    {
        "inputUrl": "https://www.instagram.com/iago_pico",
        "url": "https://www.instagram.com/p/C1PqcIesWhJ/",
        "commentsCount": 2,
        "timestamp": "2023-12-24T17:48:49.000Z"
    },
    {
        "inputUrl": "https://www.instagram.com/iago_pico",
        "url": "https://www.instagram.com/p/C1KhWcYMFCu/",
        "commentsCount": 20,
        "timestamp": "2023-12-22T17:55:56.000Z"
    },
    {
        "inputUrl": "https://www.instagram.com/senora_dj",
        "url": "https://www.instagram.com/p/C5qfncsMKkq/",
        "commentsCount": 4,
        "timestamp": "2024-04-12T13:59:18.000Z"
    },
    {
        "inputUrl": "https://www.instagram.com/senora_dj",
        "url": "https://www.instagram.com/p/C5TdCoEsGnu/",
        "commentsCount": 10,
        "timestamp": "2024-04-03T15:14:16.000Z"
    },
    {
        "inputUrl": "https://www.instagram.com/festicultores",
        "url": "https://www.instagram.com/p/C3Acn1eKAAM/",
        "commentsCount": 7,
        "timestamp": "2024-02-06T13:02:43.000Z"
    },
    {
        "inputUrl": "https://www.instagram.com/iago_pico",
        "url": "https://www.instagram.com/p/C1B_tkmM_UD/",
        "commentsCount": 9,
        "timestamp": "2023-12-19T10:28:45.000Z"
    },
    {
        "inputUrl": "https://www.instagram.com/festicultores",
        "url": "https://www.instagram.com/p/C3DV5qRNjKZ/",
        "commentsCount": 0,
        "timestamp": "2024-02-07T16:01:28.000Z"
    },
    {
        "inputUrl": "https://www.instagram.com/senora_dj",
        "url": "https://www.instagram.com/p/C3-KtxqMcIT/",
        "commentsCount": 14,
        "timestamp": "2024-03-01T12:18:41.000Z"
    },
    {
        "inputUrl": "https://www.instagram.com/senora_dj",
        "url": "https://www.instagram.com/p/C4gkUSrM4bC/",
        "commentsCount": 14,
        "timestamp": "2024-03-14T20:56:35.000Z"
    },
    {
        "inputUrl": "https://www.instagram.com/senora_dj",
        "url": "https://www.instagram.com/p/C2pSFNHsfY6/",
        "commentsCount": 5,
        "timestamp": "2024-01-28T13:11:08.000Z"
    },
    {
        "inputUrl": "https://www.instagram.com/iago_pico",
        "url": "https://www.instagram.com/p/C031Sa4sMUh/",
        "commentsCount": 23,
        "timestamp": "2023-12-15T11:41:50.000Z"
    },
    {
        "inputUrl": "https://www.instagram.com/festicultores",
        "url": "https://www.instagram.com/p/C3FKlvMCGGq/",
        "commentsCount": 5,
        "timestamp": "2024-02-08T09:01:10.000Z"
    },
    {
        "inputUrl": "https://www.instagram.com/festicultores",
        "url": "https://www.instagram.com/p/C5y4QdRNwqb/",
        "commentsCount": 0,
        "timestamp": "2024-04-15T20:15:55.000Z"
    },
    {
        "inputUrl": "https://www.instagram.com/festicultores",
        "url": "https://www.instagram.com/p/C5l6Q0KNjMW/",
        "commentsCount": 2,
        "timestamp": "2024-04-10T19:15:34.000Z"
    },
    {
        "inputUrl": "https://www.instagram.com/charangaelbrexit",
        "url": "https://www.instagram.com/p/C3TLIm8tovk/",
        "commentsCount": 4,
        "timestamp": "2024-02-13T19:35:15.000Z"
    },
    {
        "inputUrl": "https://www.instagram.com/iago_pico",
        "url": "https://www.instagram.com/p/CxSl05wsU3t/",
        "commentsCount": 25,
        "timestamp": "2023-09-17T11:00:39.000Z"
    },
    {
        "inputUrl": "https://www.instagram.com/senora_dj",
        "url": "https://www.instagram.com/p/C1rihgKsKYs/",
        "commentsCount": 3,
        "timestamp": "2024-01-04T14:02:08.000Z"
    },
    {
        "inputUrl": "https://www.instagram.com/senora_dj",
        "url": "https://www.instagram.com/p/C2KcPRSsJdu/",
        "commentsCount": 1,
        "timestamp": "2024-01-16T15:33:08.000Z"
    },
    {
        "inputUrl": "https://www.instagram.com/festicultores",
        "url": "https://www.instagram.com/p/C4vLvqRNL3e/",
        "commentsCount": 3,
        "timestamp": "2024-03-20T13:10:51.000Z"
    },
    {
        "inputUrl": "https://www.instagram.com/festicultores",
        "url": "https://www.instagram.com/p/C4RPdWttxy7/",
        "commentsCount": 4,
        "timestamp": "2024-03-08T22:13:56.000Z"
    },
    {
        "inputUrl": "https://www.instagram.com/charangaelbrexit",
        "url": "https://www.instagram.com/p/C2182wJtSH7/",
        "commentsCount": 7,
        "timestamp": "2024-02-02T11:22:46.000Z"
    },
    {
        "inputUrl": "https://www.instagram.com/charangaelbrexit",
        "url": "https://www.instagram.com/p/C1UeZuetkt4/",
        "commentsCount": 0,
        "timestamp": "2023-12-26T14:39:50.000Z"
    },
    {
        "inputUrl": "https://www.instagram.com/festicultores",
        "url": "https://www.instagram.com/p/C4YDYQvNJLe/",
        "commentsCount": 3,
        "timestamp": "2024-03-11T13:39:18.000Z"
    },
    {
        "inputUrl": "https://www.instagram.com/festicultores",
        "url": "https://www.instagram.com/p/C24ZaG0C2nz/",
        "commentsCount": 15,
        "timestamp": "2024-02-03T10:00:48.000Z"
    },
    {
        "inputUrl": "https://www.instagram.com/charangaelbrexit",
        "url": "https://www.instagram.com/p/C0HCuZyNxae/",
        "commentsCount": 0,
        "timestamp": "2023-11-26T12:56:28.000Z"
    },
    {
        "inputUrl": "https://www.instagram.com/festicultores",
        "url": "https://www.instagram.com/p/C3NGm6ytQHL/",
        "commentsCount": 6,
        "timestamp": "2024-02-11T11:00:28.000Z"
    },
    {
        "inputUrl": "https://www.instagram.com/festicultores",
        "url": "https://www.instagram.com/p/C23BBaGNTon/",
        "commentsCount": 0,
        "timestamp": "2024-02-02T21:14:51.000Z"
    },
    {
        "inputUrl": "https://www.instagram.com/festicultores",
        "url": "https://www.instagram.com/p/C211XO7N0Pd/",
        "commentsCount": 0,
        "timestamp": "2024-02-02T10:06:48.000Z"
    },
    {
        "inputUrl": "https://www.instagram.com/baiucamusic",
        "url": "https://www.instagram.com/p/C4u5rxEKTwn/",
        "commentsCount": 76,
        "timestamp": "2024-03-20T10:38:16.000Z"
    },
    {
        "inputUrl": "https://www.instagram.com/charangaelbrexit",
        "url": "https://www.instagram.com/p/C0Ci-1QthSm/",
        "commentsCount": 0,
        "timestamp": "2023-11-24T19:02:07.000Z"
    },
    {
        "inputUrl": "https://www.instagram.com/charangaelbrexit",
        "url": "https://www.instagram.com/p/Cy5ZkQJNnp4/",
        "commentsCount": 2,
        "timestamp": "2023-10-27T09:15:39.000Z"
    },
    {
        "inputUrl": "https://www.instagram.com/charangaelbrexit",
        "url": "https://www.instagram.com/p/CxSq_cFtKbM/",
        "commentsCount": 1,
        "timestamp": "2023-09-17T11:46:01.000Z"
    },
    {
        "inputUrl": "https://www.instagram.com/baiucamusic",
        "url": "https://www.instagram.com/p/C5RR9tVLiGs/",
        "commentsCount": 61,
        "timestamp": "2024-04-02T18:59:00.000Z"
    },
    {
        "inputUrl": "https://www.instagram.com/baiucamusic",
        "url": "https://www.instagram.com/p/C5EccLvKWLn/",
        "commentsCount": 23,
        "timestamp": "2024-03-28T19:21:44.000Z"
    },
    {
        "inputUrl": "https://www.instagram.com/baiucamusic",
        "url": "https://www.instagram.com/p/C3CwjQaqdjy/",
        "commentsCount": 68,
        "timestamp": "2024-02-07T10:38:15.000Z"
    },
    {
        "inputUrl": "https://www.instagram.com/baiucamusic",
        "url": "https://www.instagram.com/p/C3n07hKK50I/",
        "commentsCount": 48,
        "timestamp": "2024-02-21T20:05:02.000Z"
    },
    {
        "inputUrl": "https://www.instagram.com/rincondedaniel_oradar",
        "url": "https://www.instagram.com/p/C5Q61qksxvc/",
        "commentsCount": 2,
        "timestamp": "2024-04-02T15:44:12.000Z"
    },
    {
        "inputUrl": "https://www.instagram.com/baiucamusic",
        "url": "https://www.instagram.com/p/C4pyaQeqqTM/",
        "commentsCount": 13,
        "timestamp": "2024-03-18T10:52:54.000Z"
    },
    {
        "inputUrl": "https://www.instagram.com/rincondedaniel_oradar",
        "url": "https://www.instagram.com/p/C42kNIgsxSH/",
        "commentsCount": 1,
        "timestamp": "2024-03-23T10:02:52.000Z"
    },
    {
        "inputUrl": "https://www.instagram.com/baiucamusic",
        "url": "https://www.instagram.com/p/C2xknizqDrq/",
        "commentsCount": 47,
        "timestamp": "2024-01-31T18:24:26.000Z"
    },
    {
        "inputUrl": "https://www.instagram.com/rincondedaniel_oradar",
        "url": "https://www.instagram.com/p/C4wBJ0PMLUN/",
        "commentsCount": 1,
        "timestamp": "2024-03-20T20:59:12.000Z"
    },
    {
        "inputUrl": "https://www.instagram.com/rincondedaniel_oradar",
        "url": "https://www.instagram.com/p/C4n2QPPM3le/",
        "commentsCount": 0,
        "timestamp": "2024-03-17T16:50:47.000Z"
    },
    {
        "inputUrl": "https://www.instagram.com/baiucamusic",
        "url": "https://www.instagram.com/p/C1Xm_FZqkIG/",
        "commentsCount": 70,
        "timestamp": "2023-12-27T19:53:19.000Z"
    },
    {
        "inputUrl": "https://www.instagram.com/baiucamusic",
        "url": "https://www.instagram.com/p/C0O9JK1KsGy/",
        "commentsCount": 76,
        "timestamp": "2023-11-29T14:41:37.000Z"
    },
    {
        "inputUrl": "https://www.instagram.com/rincondedaniel_oradar",
        "url": "https://www.instagram.com/p/C33VC3hMEG0/",
        "commentsCount": 0,
        "timestamp": "2024-02-27T20:42:46.000Z"
    },
    {
        "inputUrl": "https://www.instagram.com/rincondedaniel_oradar",
        "url": "https://www.instagram.com/p/C4DjwhNs9WR/",
        "commentsCount": 1,
        "timestamp": "2024-03-03T14:38:03.000Z"
    },
    {
        "inputUrl": "https://www.instagram.com/rincondedaniel_oradar",
        "url": "https://www.instagram.com/p/C3I-rs1ssGS/",
        "commentsCount": 1,
        "timestamp": "2024-02-09T20:39:33.000Z"
    },
    {
        "inputUrl": "https://www.instagram.com/rincondedaniel_oradar",
        "url": "https://www.instagram.com/p/C3XfcUkMrYs/",
        "commentsCount": 1,
        "timestamp": "2024-02-15T11:53:56.000Z"
    },
    {
        "inputUrl": "https://www.instagram.com/aregueifaplataforma2.0",
        "url": "https://www.instagram.com/p/C42OuW5M1t4/",
        "commentsCount": 3,
        "timestamp": "2024-03-23T06:55:21.000Z"
    },
    {
        "inputUrl": "https://www.instagram.com/senora_dj",
        "url": "https://www.instagram.com/p/C4smZsUsJez/",
        "commentsCount": 15,
        "timestamp": "2024-03-19T13:16:11.000Z"
    },
    {
        "inputUrl": "https://www.instagram.com/aregueifaplataforma2.0",
        "url": "https://www.instagram.com/p/C3KOp5CMNBB/",
        "commentsCount": 0,
        "timestamp": "2024-02-10T08:15:35.000Z"
    },
    {
        "inputUrl": "https://www.instagram.com/aregueifaplataforma2.0",
        "url": "https://www.instagram.com/p/C3pQHB-sa8r/",
        "commentsCount": 2,
        "timestamp": "2024-02-22T09:21:47.000Z"
    },
    {
        "inputUrl": "https://www.instagram.com/aregueifaplataforma2.0",
        "url": "https://www.instagram.com/p/C3uOkjQsOMW/",
        "commentsCount": 0,
        "timestamp": "2024-02-24T07:45:30.000Z"
    },
    {
        "inputUrl": "https://www.instagram.com/aregueifaplataforma2.0",
        "url": "https://www.instagram.com/p/C2mW8XAtCp7/",
        "commentsCount": 2,
        "timestamp": "2024-01-27T10:01:31.000Z"
    },
    {
        "inputUrl": "https://www.instagram.com/aregueifaplataforma2.0",
        "url": "https://www.instagram.com/p/C3FIMkMLUUa/",
        "commentsCount": 3,
        "timestamp": "2024-02-08T08:39:58.000Z"
    },
    {
        "inputUrl": "https://www.instagram.com/aregueifaplataforma2.0",
        "url": "https://www.instagram.com/p/C4SVqZZiIZ-/",
        "commentsCount": 7,
        "timestamp": "2024-03-09T08:21:54.000Z"
    },
    {
        "inputUrl": "https://www.instagram.com/iago_pico",
        "url": "https://www.instagram.com/p/C0_pWjTM-1p/",
        "commentsCount": 45,
        "timestamp": "2023-12-18T12:31:28.000Z"
    },
    {
        "inputUrl": "https://www.instagram.com/aregueifaplataforma2.0",
        "url": "https://www.instagram.com/p/C2hBIWqLOY5/",
        "commentsCount": 5,
        "timestamp": "2024-01-25T08:05:34.000Z"
    },
    {
        "inputUrl": "https://www.instagram.com/guionclube",
        "url": "https://www.instagram.com/p/C5T6WiAse9T/",
        "commentsCount": 6,
        "timestamp": "2024-04-03T19:30:00.000Z"
    },
    {
        "inputUrl": "https://www.instagram.com/rincondedaniel_oradar",
        "url": "https://www.instagram.com/p/C4VELWZsRAt/",
        "commentsCount": 1,
        "timestamp": "2024-03-10T09:47:25.000Z"
    },
    {
        "inputUrl": "https://www.instagram.com/guionclube",
        "url": "https://www.instagram.com/p/C4Gt7rGsmwG/",
        "commentsCount": 0,
        "timestamp": "2024-03-04T20:00:00.000Z"
    },
    {
        "inputUrl": "https://www.instagram.com/guionclube",
        "url": "https://www.instagram.com/p/C1zI3lFMMCJ/",
        "commentsCount": 1,
        "timestamp": "2024-01-07T12:28:07.000Z"
    },
    {
        "inputUrl": "https://www.instagram.com/senora_dj",
        "url": "https://www.instagram.com/p/C5RGukWMfmR/",
        "commentsCount": 2,
        "timestamp": "2024-04-02T17:20:49.000Z"
    },
    {
        "inputUrl": "https://www.instagram.com/guionclube",
        "url": "https://www.instagram.com/p/C1AjjJloh-G/",
        "commentsCount": 2,
        "timestamp": "2023-12-18T21:00:00.000Z"
    },
    {
        "inputUrl": "https://www.instagram.com/guionclube",
        "url": "https://www.instagram.com/p/C2aoBQ4MAkC/",
        "commentsCount": 5,
        "timestamp": "2024-01-22T20:30:00.000Z"
    },
    {
        "inputUrl": "https://www.instagram.com/guionclube",
        "url": "https://www.instagram.com/p/C0w9uXDMNYW/",
        "commentsCount": 3,
        "timestamp": "2023-12-12T19:40:52.000Z"
    },
    {
        "inputUrl": "https://www.instagram.com/guionclube",
        "url": "https://www.instagram.com/p/Czjr4i6sIZi/",
        "commentsCount": 0,
        "timestamp": "2023-11-12T19:23:27.000Z"
    },
    {
        "inputUrl": "https://www.instagram.com/guionclube",
        "url": "https://www.instagram.com/p/CyyyrJQMmog/",
        "commentsCount": 1,
        "timestamp": "2023-10-24T19:40:00.000Z"
    },
    {
        "inputUrl": "https://www.instagram.com/charangaelbrexit",
        "url": "https://www.instagram.com/p/C0EW7BvNOyA/",
        "commentsCount": 0,
        "timestamp": "2023-11-25T11:55:13.000Z"
    },
    {
        "inputUrl": "https://www.instagram.com/guionclube",
        "url": "https://www.instagram.com/p/CzjqG29M1VP/",
        "commentsCount": 2,
        "timestamp": "2023-11-12T19:07:56.000Z"
    },
    {
        "inputUrl": "https://www.instagram.com/iago_pico",
        "url": "https://www.instagram.com/p/CyFib_wMKY-/",
        "commentsCount": 15,
        "timestamp": "2023-10-07T05:52:18.000Z"
    },
    {
        "inputUrl": "https://www.instagram.com/charangaelbrexit",
        "url": "https://www.instagram.com/p/C1uo6YktPxs/",
        "commentsCount": 0,
        "timestamp": "2024-01-05T18:31:55.000Z"
    },
    {
        "inputUrl": "https://www.instagram.com/culturactiva_coop",
        "url": "https://www.instagram.com/p/C5i9eh_twTH/",
        "commentsCount": 0,
        "timestamp": "2024-04-09T15:46:20.000Z"
    },
    {
        "inputUrl": "https://www.instagram.com/culturactiva_coop",
        "url": "https://www.instagram.com/p/C5yLpuPsFvX/",
        "commentsCount": 0,
        "timestamp": "2024-04-15T13:38:49.000Z"
    },
    {
        "inputUrl": "https://www.instagram.com/senora_dj",
        "url": "https://www.instagram.com/p/C2cM9N5Mm2y/",
        "commentsCount": 28,
        "timestamp": "2024-01-23T11:15:25.000Z"
    },
    {
        "inputUrl": "https://www.instagram.com/charangaelbrexit",
        "url": "https://www.instagram.com/p/C0gqkWStnlg/",
        "commentsCount": 2,
        "timestamp": "2023-12-06T11:46:25.000Z"
    },
    {
        "inputUrl": "https://www.instagram.com/senora_dj",
        "url": "https://www.instagram.com/p/C1J6soRsGFW/",
        "commentsCount": 9,
        "timestamp": "2023-12-22T12:16:39.000Z"
    },
    {
        "inputUrl": "https://www.instagram.com/culturactiva_coop",
        "url": "https://www.instagram.com/p/C5oCEcyt_cY/",
        "commentsCount": 0,
        "timestamp": "2024-04-11T15:02:41.000Z"
    },
    {
        "inputUrl": "https://www.instagram.com/culturactiva_coop",
        "url": "https://www.instagram.com/p/C5YzDoot41R/",
        "commentsCount": 1,
        "timestamp": "2024-04-05T17:02:53.000Z"
    },
    {
        "inputUrl": "https://www.instagram.com/culturactiva_coop",
        "url": "https://www.instagram.com/p/C5YzDuFNBIr/",
        "commentsCount": 2,
        "timestamp": "2024-04-05T17:02:56.000Z"
    },
    {
        "inputUrl": "https://www.instagram.com/culturactiva_coop",
        "url": "https://www.instagram.com/p/C5Te5mytTrF/",
        "commentsCount": 0,
        "timestamp": "2024-04-03T15:30:33.000Z"
    },
    {
        "inputUrl": "https://www.instagram.com/culturactiva_coop",
        "url": "https://www.instagram.com/p/C5VlhPhMqQp/",
        "commentsCount": 3,
        "timestamp": "2024-04-04T11:06:50.000Z"
    },
    {
        "inputUrl": "https://www.instagram.com/festicultores",
        "url": "https://www.instagram.com/p/C2ifKHItU-V/",
        "commentsCount": 4,
        "timestamp": "2024-01-25T21:48:32.000Z"
    },
    {
        "inputUrl": "https://www.instagram.com/festicultores",
        "url": "https://www.instagram.com/p/C2UhTGJtSAh/",
        "commentsCount": 9,
        "timestamp": "2024-01-20T11:42:05.000Z"
    },
    {
        "inputUrl": "https://www.instagram.com/festicultores",
        "url": "https://www.instagram.com/p/C2R_pyKtJVd/",
        "commentsCount": 4,
        "timestamp": "2024-01-19T12:04:03.000Z"
    },
    {
        "inputUrl": "https://www.instagram.com/charangaelbrexit",
        "url": "https://www.instagram.com/p/Cww4bi5t5n3/",
        "commentsCount": 8,
        "timestamp": "2023-09-04T08:54:21.000Z"
    },
    {
        "inputUrl": "https://www.instagram.com/festicultores",
        "url": "https://www.instagram.com/p/C1zgIYUtRjj/",
        "commentsCount": 7,
        "timestamp": "2024-01-07T15:54:13.000Z"
    },
    {
        "inputUrl": "https://www.instagram.com/culturactiva_coop",
        "url": "https://www.instagram.com/p/C5iWEPzqDZz/",
        "commentsCount": 0,
        "timestamp": "2024-04-09T10:02:01.000Z"
    },
    {
        "inputUrl": "https://www.instagram.com/senora_dj",
        "url": "https://www.instagram.com/p/C04RzNsIbpx/",
        "commentsCount": 2,
        "timestamp": "2023-12-15T15:50:58.000Z"
    },
    {
        "inputUrl": "https://www.instagram.com/senora_dj",
        "url": "https://www.instagram.com/p/CzLnFQnMrVw/",
        "commentsCount": 0,
        "timestamp": "2023-11-03T10:59:43.000Z"
    },
    {
        "inputUrl": "https://www.instagram.com/festicultores",
        "url": "https://www.instagram.com/p/Cy_2B8VNpVw/",
        "commentsCount": 3,
        "timestamp": "2023-10-29T21:31:15.000Z"
    },
    {
        "inputUrl": "https://www.instagram.com/senora_dj",
        "url": "https://www.instagram.com/p/CzwR8zIsaWQ/",
        "commentsCount": 1,
        "timestamp": "2023-11-17T16:46:58.000Z"
    },
    {
        "inputUrl": "https://www.instagram.com/senora_dj",
        "url": "https://www.instagram.com/p/Cz7WA0AMP6u/",
        "commentsCount": 11,
        "timestamp": "2023-11-21T23:56:40.000Z"
    },
    {
        "inputUrl": "https://www.instagram.com/festicultores",
        "url": "https://www.instagram.com/p/CzmW1u4Otj7/",
        "commentsCount": 5,
        "timestamp": "2023-11-13T20:20:09.000Z"
    },
    {
        "inputUrl": "https://www.instagram.com/festicultores",
        "url": "https://www.instagram.com/p/C1fVL-pN3Lp/",
        "commentsCount": 9,
        "timestamp": "2023-12-30T19:50:57.000Z"
    },
    {
        "inputUrl": "https://www.instagram.com/festicultores",
        "url": "https://www.instagram.com/p/C1fPksctqWx/",
        "commentsCount": 2,
        "timestamp": "2023-12-30T19:01:54.000Z"
    },
    {
        "inputUrl": "https://www.instagram.com/festicultores",
        "url": "https://www.instagram.com/p/C1o6BvnRuAB/",
        "commentsCount": 10,
        "timestamp": "2024-01-03T13:17:27.000Z"
    },
    {
        "inputUrl": "https://www.instagram.com/festicultores",
        "url": "https://www.instagram.com/p/Cyx-qthNUrY/",
        "commentsCount": 2,
        "timestamp": "2023-10-24T12:05:43.000Z"
    },
    {
        "inputUrl": "https://www.instagram.com/senora_dj",
        "url": "https://www.instagram.com/p/CxaEuXaMXtu/",
        "commentsCount": 0,
        "timestamp": "2023-09-20T08:45:19.000Z"
    },
    {
        "inputUrl": "https://www.instagram.com/festicultores",
        "url": "https://www.instagram.com/p/CzbSRzutmj3/",
        "commentsCount": 3,
        "timestamp": "2023-11-09T13:05:47.000Z"
    },
    {
        "inputUrl": "https://www.instagram.com/senora_dj",
        "url": "https://www.instagram.com/p/CxVVDQOsGt7/",
        "commentsCount": 14,
        "timestamp": "2023-09-18T12:31:47.000Z"
    },
    {
        "inputUrl": "https://www.instagram.com/rincondedaniel_oradar",
        "url": "https://www.instagram.com/p/C4JSrACscby/",
        "commentsCount": 2,
        "timestamp": "2024-03-05T20:02:54.000Z"
    },
    {
        "inputUrl": "https://www.instagram.com/senora_dj",
        "url": "https://www.instagram.com/p/CyLWq1eIYIb/",
        "commentsCount": 5,
        "timestamp": "2023-10-09T12:04:55.000Z"
    },
    {
        "inputUrl": "https://www.instagram.com/rincondedaniel_oradar",
        "url": "https://www.instagram.com/p/C4bWzYTsOAm/",
        "commentsCount": 2,
        "timestamp": "2024-03-12T20:24:28.000Z"
    },
    {
        "inputUrl": "https://www.instagram.com/baiucamusic",
        "url": "https://www.instagram.com/p/C5qEhSMqvyc/",
        "commentsCount": 3,
        "timestamp": "2024-04-12T10:03:28.000Z"
    },
    {
        "inputUrl": "https://www.instagram.com/senora_dj",
        "url": "https://www.instagram.com/p/CxLQ5hYszFE/",
        "commentsCount": 8,
        "timestamp": "2023-09-14T14:48:59.000Z"
    },
    {
        "inputUrl": "https://www.instagram.com/senora_dj",
        "url": "https://www.instagram.com/p/CxX4_50Mu2k/",
        "commentsCount": 3,
        "timestamp": "2023-09-19T12:24:22.000Z"
    },
    {
        "inputUrl": "https://www.instagram.com/senora_dj",
        "url": "https://www.instagram.com/p/CxiVQvlsnX9/",
        "commentsCount": 11,
        "timestamp": "2023-09-23T13:44:23.000Z"
    },
    {
        "inputUrl": "https://www.instagram.com/rincondedaniel_oradar",
        "url": "https://www.instagram.com/p/C3n0KGRsxKu/",
        "commentsCount": 2,
        "timestamp": "2024-02-21T20:06:09.000Z"
    },
    {
        "inputUrl": "https://www.instagram.com/aregueifaplataforma2.0",
        "url": "https://www.instagram.com/p/C4P0OpqLpha/",
        "commentsCount": 1,
        "timestamp": "2024-03-08T08:48:32.000Z"
    },
    {
        "inputUrl": "https://www.instagram.com/aregueifaplataforma2.0",
        "url": "https://www.instagram.com/p/C2UD8KbMT17/",
        "commentsCount": 3,
        "timestamp": "2024-01-20T07:21:47.000Z"
    },
    {
        "inputUrl": "https://www.instagram.com/baiucamusic",
        "url": "https://www.instagram.com/p/CxIelzLKFOX/",
        "commentsCount": 150,
        "timestamp": "2023-09-13T12:52:34.000Z"
    },
    {
        "inputUrl": "https://www.instagram.com/baiucamusic",
        "url": "https://www.instagram.com/p/CyMT8IhqfQJ/",
        "commentsCount": 43,
        "timestamp": "2023-10-09T21:00:18.000Z"
    },
    {
        "inputUrl": "https://www.instagram.com/guionclube",
        "url": "https://www.instagram.com/p/C4Gt5L5MqFp/",
        "commentsCount": 0,
        "timestamp": "2024-03-04T20:00:00.000Z"
    },
    {
        "inputUrl": "https://www.instagram.com/guionclube",
        "url": "https://www.instagram.com/p/C0zheHdssNS/",
        "commentsCount": 0,
        "timestamp": "2023-12-13T19:31:42.000Z"
    },
    {
        "inputUrl": "https://www.instagram.com/aregueifaplataforma2.0",
        "url": "https://www.instagram.com/p/C2Er6i0CVrW/",
        "commentsCount": 3,
        "timestamp": "2024-01-14T08:07:55.000Z"
    },
    {
        "inputUrl": "https://www.instagram.com/guionclube",
        "url": "https://www.instagram.com/p/C4Gt5vHsYqN/",
        "commentsCount": 3,
        "timestamp": "2024-03-04T20:00:00.000Z"
    },
    {
        "inputUrl": "https://www.instagram.com/aregueifaplataforma2.0",
        "url": "https://www.instagram.com/p/C1_nGFxLtb_/",
        "commentsCount": 2,
        "timestamp": "2024-01-12T08:43:08.000Z"
    },
    {
        "inputUrl": "https://www.instagram.com/aregueifaplataforma2.0",
        "url": "https://www.instagram.com/p/C00uuzbrHPu/",
        "commentsCount": 0,
        "timestamp": "2023-12-14T06:46:49.000Z"
    },
    {
        "inputUrl": "https://www.instagram.com/aregueifaplataforma2.0",
        "url": "https://www.instagram.com/p/C1th_Z-rvxJ/",
        "commentsCount": 1,
        "timestamp": "2024-01-05T08:12:12.000Z"
    },
    {
        "inputUrl": "https://www.instagram.com/aregueifaplataforma2.0",
        "url": "https://www.instagram.com/p/Czfz7JhC4bf/",
        "commentsCount": 0,
        "timestamp": "2023-11-11T07:23:34.000Z"
    },
    {
        "inputUrl": "https://www.instagram.com/rincondedaniel_oradar",
        "url": "https://www.instagram.com/p/C2xxObPMUlu/",
        "commentsCount": 2,
        "timestamp": "2024-01-31T20:24:44.000Z"
    },
    {
        "inputUrl": "https://www.instagram.com/aregueifaplataforma2.0",
        "url": "https://www.instagram.com/p/C0YgurDsgTl/",
        "commentsCount": 10,
        "timestamp": "2023-12-03T07:45:44.000Z"
    },
    {
        "inputUrl": "https://www.instagram.com/rincondedaniel_oradar",
        "url": "https://www.instagram.com/p/C25Yf4sMdNm/",
        "commentsCount": 0,
        "timestamp": "2024-02-03T19:13:04.000Z"
    },
    {
        "inputUrl": "https://www.instagram.com/aregueifaplataforma2.0",
        "url": "https://www.instagram.com/p/C0MlXxiCu24/",
        "commentsCount": 0,
        "timestamp": "2023-11-28T16:37:08.000Z"
    },
    {
        "inputUrl": "https://www.instagram.com/rincondedaniel_oradar",
        "url": "https://www.instagram.com/p/C3C8E_6MNbB/",
        "commentsCount": 0,
        "timestamp": "2024-02-07T12:31:35.000Z"
    },
    {
        "inputUrl": "https://www.instagram.com/rincondedaniel_oradar",
        "url": "https://www.instagram.com/p/C2mhVOysMhJ/",
        "commentsCount": 1,
        "timestamp": "2024-01-27T11:35:17.000Z"
    },
    {
        "inputUrl": "https://www.instagram.com/aregueifaplataforma2.0",
        "url": "https://www.instagram.com/p/CzajZCurOJI/",
        "commentsCount": 0,
        "timestamp": "2023-11-09T06:16:05.000Z"
    },
    {
        "inputUrl": "https://www.instagram.com/culturactiva_coop",
        "url": "https://www.instagram.com/p/C5p9nMpsPVp/",
        "commentsCount": 0,
        "timestamp": "2024-04-12T09:02:12.000Z"
    },
    {
        "inputUrl": "https://www.instagram.com/rincondedaniel_oradar",
        "url": "https://www.instagram.com/p/C2IqRNTMhsQ/",
        "commentsCount": 2,
        "timestamp": "2024-01-15T21:10:56.000Z"
    },
    {
        "inputUrl": "https://www.instagram.com/rincondedaniel_oradar",
        "url": "https://www.instagram.com/p/C14UZpvM3Y1/",
        "commentsCount": 0,
        "timestamp": "2024-01-09T13:02:14.000Z"
    },
    {
        "inputUrl": "https://www.instagram.com/rincondedaniel_oradar",
        "url": "https://www.instagram.com/p/C2CsPRDscDG/",
        "commentsCount": 1,
        "timestamp": "2024-01-13T13:37:42.000Z"
    },
    {
        "inputUrl": "https://www.instagram.com/rincondedaniel_oradar",
        "url": "https://www.instagram.com/p/C1NPy40MQNM/",
        "commentsCount": 6,
        "timestamp": "2023-12-23T19:20:26.000Z"
    },
    {
        "inputUrl": "https://www.instagram.com/rincondedaniel_oradar",
        "url": "https://www.instagram.com/p/C1Zi3VusKT5/",
        "commentsCount": 0,
        "timestamp": "2023-12-28T14:08:42.000Z"
    },
    {
        "inputUrl": "https://www.instagram.com/culturactiva_coop",
        "url": "https://www.instagram.com/p/C5gbH6iNu1r/",
        "commentsCount": 1,
        "timestamp": "2024-04-08T16:07:41.000Z"
    },
    {
        "inputUrl": "https://www.instagram.com/guionclube",
        "url": "https://www.instagram.com/p/CyB3hyksB69/",
        "commentsCount": 0,
        "timestamp": "2023-10-05T19:41:46.000Z"
    },
    {
        "inputUrl": "https://www.instagram.com/guionclube",
        "url": "https://www.instagram.com/p/Cxfu7bksBFJ/",
        "commentsCount": 0,
        "timestamp": "2023-09-22T13:30:00.000Z"
    },
    {
        "inputUrl": "https://www.instagram.com/rincondedaniel_oradar",
        "url": "https://www.instagram.com/p/C1pvsV3sntB/",
        "commentsCount": 10,
        "timestamp": "2024-01-03T21:02:09.000Z"
    },
    {
        "inputUrl": "https://www.instagram.com/guionclube",
        "url": "https://www.instagram.com/p/Cyywm1xM8Mc/",
        "commentsCount": 3,
        "timestamp": "2023-10-24T19:21:56.000Z"
    },
    {
        "inputUrl": "https://www.instagram.com/guionclube",
        "url": "https://www.instagram.com/p/CwpSX-CsrXO/",
        "commentsCount": 2,
        "timestamp": "2023-09-01T10:18:56.000Z"
    },
    {
        "inputUrl": "https://www.instagram.com/guionclube",
        "url": "https://www.instagram.com/p/Cwsojs4sjmM/",
        "commentsCount": 1,
        "timestamp": "2023-09-02T17:13:22.000Z"
    },
    {
        "inputUrl": "https://www.instagram.com/guionclube",
        "url": "https://www.instagram.com/p/CyB32wWM6KE/",
        "commentsCount": 0,
        "timestamp": "2023-10-05T19:48:17.000Z"
    },
    {
        "inputUrl": "https://www.instagram.com/culturactiva_coop",
        "url": "https://www.instagram.com/p/C5N-N3NtOE7/",
        "commentsCount": 2,
        "timestamp": "2024-04-01T12:09:30.000Z"
    },
    {
        "inputUrl": "https://www.instagram.com/culturactiva_coop",
        "url": "https://www.instagram.com/p/C5lImDINEaA/",
        "commentsCount": 0,
        "timestamp": "2024-04-10T12:01:59.000Z"
    },
    {
        "inputUrl": "https://www.instagram.com/culturactiva_coop",
        "url": "https://www.instagram.com/p/C5LYnK5NW7d/",
        "commentsCount": 0,
        "timestamp": "2024-03-31T12:01:41.000Z"
    },
    {
        "inputUrl": "https://www.instagram.com/festicultores",
        "url": "https://www.instagram.com/p/C1o4fg4Rih3/",
        "commentsCount": 14,
        "timestamp": "2024-01-03T13:01:51.000Z"
    },
    {
        "inputUrl": "https://www.instagram.com/baiucamusic",
        "url": "https://www.instagram.com/p/C5jVuG3KH8s/",
        "commentsCount": 69,
        "timestamp": "2024-04-09T19:18:09.000Z"
    },
    {
        "inputUrl": "https://www.instagram.com/culturactiva_coop",
        "url": "https://www.instagram.com/p/C5Bib7RMx2O/",
        "commentsCount": 3,
        "timestamp": "2024-03-27T16:15:05.000Z"
    },
    {
        "inputUrl": "https://www.instagram.com/senora_dj",
        "url": "https://www.instagram.com/p/CzYufzBoJD1/",
        "commentsCount": 4,
        "timestamp": "2023-11-08T13:14:38.000Z"
    },
    {
        "inputUrl": "https://www.instagram.com/culturactiva_coop",
        "url": "https://www.instagram.com/p/C4_A4zDN31D/",
        "commentsCount": 0,
        "timestamp": "2024-03-26T16:43:29.000Z"
    },
    {
        "inputUrl": "https://www.instagram.com/culturactiva_coop",
        "url": "https://www.instagram.com/p/C4yHsMWIFv-/",
        "commentsCount": 0,
        "timestamp": "2024-03-21T16:32:49.000Z"
    },
    {
        "inputUrl": "https://www.instagram.com/culturactiva_coop",
        "url": "https://www.instagram.com/p/C4vpTIkNcJh/",
        "commentsCount": 0,
        "timestamp": "2024-03-20T17:29:02.000Z"
    },
    {
        "inputUrl": "https://www.instagram.com/culturactiva_coop",
        "url": "https://www.instagram.com/p/C4xh53_NffT/",
        "commentsCount": 1,
        "timestamp": "2024-03-21T11:02:39.000Z"
    },
    {
        "inputUrl": "https://www.instagram.com/culturactiva_coop",
        "url": "https://www.instagram.com/p/C4sfQ9_NDWS/",
        "commentsCount": 0,
        "timestamp": "2024-03-19T12:03:21.000Z"
    },
    {
        "inputUrl": "https://www.instagram.com/culturactiva_coop",
        "url": "https://www.instagram.com/p/C47n6iBu3an/",
        "commentsCount": 0,
        "timestamp": "2024-03-25T09:07:33.000Z"
    },
    {
        "inputUrl": "https://www.instagram.com/culturactiva_coop",
        "url": "https://www.instagram.com/p/C4gF5-ntKKO/",
        "commentsCount": 0,
        "timestamp": "2024-03-14T16:30:53.000Z"
    },
    {
        "inputUrl": "https://www.instagram.com/culturactiva_coop",
        "url": "https://www.instagram.com/p/C4qUlk4N__Y/",
        "commentsCount": 0,
        "timestamp": "2024-03-18T15:51:35.000Z"
    },
    {
        "inputUrl": "https://www.instagram.com/senora_dj",
        "url": "https://www.instagram.com/p/CxksqRvMwyy/",
        "commentsCount": 4,
        "timestamp": "2023-09-24T11:46:41.000Z"
    },
    {
        "inputUrl": "https://www.instagram.com/aregueifaplataforma2.0",
        "url": "https://www.instagram.com/p/C4xVJj8rYTs/",
        "commentsCount": 0,
        "timestamp": "2024-03-21T09:11:08.000Z"
    },
    {
        "inputUrl": "https://www.instagram.com/aregueifaplataforma2.0",
        "url": "https://www.instagram.com/p/C16b_HGr1Ej/",
        "commentsCount": 3,
        "timestamp": "2024-01-10T08:29:51.000Z"
    },
    {
        "inputUrl": "https://www.instagram.com/aregueifaplataforma2.0",
        "url": "https://www.instagram.com/p/C2MdHPFLdwZ/",
        "commentsCount": 8,
        "timestamp": "2024-01-17T08:26:02.000Z"
    },
    {
        "inputUrl": "https://www.instagram.com/aregueifaplataforma2.0",
        "url": "https://www.instagram.com/p/C05_3dYijZ4/",
        "commentsCount": 2,
        "timestamp": "2023-12-16T07:55:17.000Z"
    },
    {
        "inputUrl": "https://www.instagram.com/rincondedaniel_oradar",
        "url": "https://www.instagram.com/p/C2dS9b8syRk/",
        "commentsCount": 1,
        "timestamp": "2024-01-23T21:31:29.000Z"
    },
    {
        "inputUrl": "https://www.instagram.com/aregueifaplataforma2.0",
        "url": "https://www.instagram.com/p/Cz-uUa1spv4/",
        "commentsCount": 0,
        "timestamp": "2023-11-23T07:24:14.000Z"
    },
    {
        "inputUrl": "https://www.instagram.com/aregueifaplataforma2.0",
        "url": "https://www.instagram.com/p/Cy7siKqMjYX/",
        "commentsCount": 0,
        "timestamp": "2023-10-28T06:44:46.000Z"
    },
    {
        "inputUrl": "https://www.instagram.com/aregueifaplataforma2.0",
        "url": "https://www.instagram.com/p/Cy2dH6mMtIE/",
        "commentsCount": 0,
        "timestamp": "2023-10-26T05:48:39.000Z"
    },
    {
        "inputUrl": "https://www.instagram.com/aregueifaplataforma2.0",
        "url": "https://www.instagram.com/p/CypoA0nMyCx/",
        "commentsCount": 0,
        "timestamp": "2023-10-21T06:14:53.000Z"
    },
    {
        "inputUrl": "https://www.instagram.com/baiucamusic",
        "url": "https://www.instagram.com/p/C4ylwKfq5V3/",
        "commentsCount": 55,
        "timestamp": "2024-03-21T20:55:27.000Z"
    },
    {
        "inputUrl": "https://www.instagram.com/aregueifaplataforma2.0",
        "url": "https://www.instagram.com/p/CyXyrPUsC6a/",
        "commentsCount": 0,
        "timestamp": "2023-10-14T08:04:10.000Z"
    },
    {
        "inputUrl": "https://www.instagram.com/aregueifaplataforma2.0",
        "url": "https://www.instagram.com/p/CyQEwjELiP3/",
        "commentsCount": 3,
        "timestamp": "2023-10-11T08:04:36.000Z"
    },
    {
        "inputUrl": "https://www.instagram.com/rincondedaniel_oradar",
        "url": "https://www.instagram.com/p/C2QYu0AsyW5/",
        "commentsCount": 1,
        "timestamp": "2024-01-18T21:08:20.000Z"
    },
    {
        "inputUrl": "https://www.instagram.com/culturactiva_coop",
        "url": "https://www.instagram.com/p/C5YlZLTI51_/",
        "commentsCount": 0,
        "timestamp": "2024-04-05T15:03:31.000Z"
    },
    {
        "inputUrl": "https://www.instagram.com/aregueifaplataforma2.0",
        "url": "https://www.instagram.com/p/CyISe5lCesq/",
        "commentsCount": 0,
        "timestamp": "2023-10-08T07:31:56.000Z"
    },
    {
        "inputUrl": "https://www.instagram.com/aregueifaplataforma2.0",
        "url": "https://www.instagram.com/p/CyDfzZZrSBa/",
        "commentsCount": 0,
        "timestamp": "2023-10-06T10:50:48.000Z"
    },
    {
        "inputUrl": "https://www.instagram.com/aregueifaplataforma2.0",
        "url": "https://www.instagram.com/p/CxPhZEmI0Vy/",
        "commentsCount": 0,
        "timestamp": "2023-09-16T06:29:37.000Z"
    },
    {
        "inputUrl": "https://www.instagram.com/aregueifaplataforma2.0",
        "url": "https://www.instagram.com/p/CxzsqewCzGt/",
        "commentsCount": 0,
        "timestamp": "2023-09-30T07:38:36.000Z"
    },
    {
        "inputUrl": "https://www.instagram.com/culturactiva_coop",
        "url": "https://www.instagram.com/p/C5QmSKWtGaA/",
        "commentsCount": 0,
        "timestamp": "2024-04-02T12:37:21.000Z"
    },
    {
        "inputUrl": "https://www.instagram.com/aregueifaplataforma2.0",
        "url": "https://www.instagram.com/p/CxKWOpSsOf1/",
        "commentsCount": 6,
        "timestamp": "2023-09-14T06:10:26.000Z"
    },
    {
        "inputUrl": "https://www.instagram.com/rincondedaniel_oradar",
        "url": "https://www.instagram.com/p/C1FqTq1M11n/",
        "commentsCount": 1,
        "timestamp": "2023-12-20T20:35:15.000Z"
    },
    {
        "inputUrl": "https://www.instagram.com/rincondedaniel_oradar",
        "url": "https://www.instagram.com/p/C0wer5kM_Ny/",
        "commentsCount": 1,
        "timestamp": "2023-12-12T15:12:20.000Z"
    },
    {
        "inputUrl": "https://www.instagram.com/rincondedaniel_oradar",
        "url": "https://www.instagram.com/p/Czq-GEmsscV/",
        "commentsCount": 1,
        "timestamp": "2023-11-15T15:28:45.000Z"
    },
    {
        "inputUrl": "https://www.instagram.com/rincondedaniel_oradar",
        "url": "https://www.instagram.com/p/C1DO9brstYH/",
        "commentsCount": 1,
        "timestamp": "2023-12-19T22:00:11.000Z"
    },
    {
        "inputUrl": "https://www.instagram.com/rincondedaniel_oradar",
        "url": "https://www.instagram.com/p/CzoZAxRMvCs/",
        "commentsCount": 29,
        "timestamp": "2023-11-14T15:24:37.000Z"
    },
    {
        "inputUrl": "https://www.instagram.com/rincondedaniel_oradar",
        "url": "https://www.instagram.com/p/C0AWV_FMwx8/",
        "commentsCount": 1,
        "timestamp": "2023-11-23T22:37:14.000Z"
    },
    {
        "inputUrl": "https://www.instagram.com/rincondedaniel_oradar",
        "url": "https://www.instagram.com/p/C0Hc4E7sTdK/",
        "commentsCount": 0,
        "timestamp": "2023-11-26T16:48:56.000Z"
    },
    {
        "inputUrl": "https://www.instagram.com/rincondedaniel_oradar",
        "url": "https://www.instagram.com/p/CzTsHhIsa8A/",
        "commentsCount": 0,
        "timestamp": "2023-11-06T14:17:39.000Z"
    },
    {
        "inputUrl": "https://www.instagram.com/rincondedaniel_oradar",
        "url": "https://www.instagram.com/p/CzgwIuDsEcM/",
        "commentsCount": 1,
        "timestamp": "2023-11-11T16:02:53.000Z"
    },
    {
        "inputUrl": "https://www.instagram.com/culturactiva_coop",
        "url": "https://www.instagram.com/p/C4f06UXt1pV/",
        "commentsCount": 0,
        "timestamp": "2024-03-14T14:02:23.000Z"
    },
    {
        "inputUrl": "https://www.instagram.com/culturactiva_coop",
        "url": "https://www.instagram.com/p/C4ayMZKtfNf/",
        "commentsCount": 0,
        "timestamp": "2024-03-12T15:02:25.000Z"
    },
    {
        "inputUrl": "https://www.instagram.com/culturactiva_coop",
        "url": "https://www.instagram.com/p/C4aZ_iZNlGM/",
        "commentsCount": 0,
        "timestamp": "2024-03-12T11:30:57.000Z"
    },
    {
        "inputUrl": "https://www.instagram.com/culturactiva_coop",
        "url": "https://www.instagram.com/p/C4VnKd-MK5a/",
        "commentsCount": 5,
        "timestamp": "2024-03-10T14:49:49.000Z"
    },
    {
        "inputUrl": "https://www.instagram.com/culturactiva_coop",
        "url": "https://www.instagram.com/p/C4YNvnhO6t7/",
        "commentsCount": 0,
        "timestamp": "2024-03-11T15:05:28.000Z"
    },
    {
        "inputUrl": "https://www.instagram.com/culturactiva_coop",
        "url": "https://www.instagram.com/p/C4QfIJaNU6M/",
        "commentsCount": 1,
        "timestamp": "2024-03-08T15:03:26.000Z"
    },
    {
        "inputUrl": "https://www.instagram.com/culturactiva_coop",
        "url": "https://www.instagram.com/p/C4YLNqRO1vD/",
        "commentsCount": 3,
        "timestamp": "2024-03-11T14:43:22.000Z"
    },
    {
        "inputUrl": "https://www.instagram.com/culturactiva_coop",
        "url": "https://www.instagram.com/p/C4dCWM2tP2F/",
        "commentsCount": 1,
        "timestamp": "2024-03-13T12:02:03.000Z"
    },
    {
        "inputUrl": "https://www.instagram.com/culturactiva_coop",
        "url": "https://www.instagram.com/p/C4QGLT3tL86/",
        "commentsCount": 0,
        "timestamp": "2024-03-08T11:25:23.000Z"
    },
    {
        "inputUrl": "https://www.instagram.com/culturactiva_coop",
        "url": "https://www.instagram.com/p/C4No7yDt6Ko/",
        "commentsCount": 0,
        "timestamp": "2024-03-07T12:31:24.000Z"
    },
    {
        "inputUrl": "https://www.instagram.com/culturactiva_coop",
        "url": "https://www.instagram.com/p/C4N6MnWttDi/",
        "commentsCount": 0,
        "timestamp": "2024-03-07T15:02:15.000Z"
    },
    {
        "inputUrl": "https://www.instagram.com/iago_pico",
        "url": "https://www.instagram.com/p/C0rXaUFsYIn/",
        "commentsCount": 29,
        "timestamp": "2023-12-10T15:42:36.000Z"
    },
    {
        "inputUrl": "https://www.instagram.com/rincondedaniel_oradar",
        "url": "https://www.instagram.com/p/C0ciZRfsSNN/",
        "commentsCount": 0,
        "timestamp": "2023-12-04T21:19:01.000Z"
    },
    {
        "inputUrl": "https://www.instagram.com/rincondedaniel_oradar",
        "url": "https://www.instagram.com/p/Cz3AjzUMJcT/",
        "commentsCount": 2,
        "timestamp": "2023-11-20T07:33:40.000Z"
    },
    {
        "inputUrl": "https://www.instagram.com/aregueifaplataforma2.0",
        "url": "https://www.instagram.com/p/CxuXQzQM_jE/",
        "commentsCount": 3,
        "timestamp": "2023-09-28T05:52:07.000Z"
    },
    {
        "inputUrl": "https://www.instagram.com/baiucamusic",
        "url": "https://www.instagram.com/p/CwuiWUrKvOR/",
        "commentsCount": 55,
        "timestamp": "2023-09-03T11:00:49.000Z"
    },
    {
        "inputUrl": "https://www.instagram.com/rincondedaniel_oradar",
        "url": "https://www.instagram.com/p/CzY5ZjtN5Sf/",
        "commentsCount": 1,
        "timestamp": "2023-11-08T14:51:51.000Z"
    },
    {
        "inputUrl": "https://www.instagram.com/culturactiva_coop",
        "url": "https://www.instagram.com/p/C4QkCdIKv2L/",
        "commentsCount": 3,
        "timestamp": "2024-03-08T15:49:57.000Z"
    },
    {
        "inputUrl": "https://www.instagram.com/culturactiva_coop",
        "url": "https://www.instagram.com/p/C4IwnejIbDB/",
        "commentsCount": 0,
        "timestamp": "2024-03-05T15:02:21.000Z"
    },
    {
        "inputUrl": "https://www.instagram.com/culturactiva_coop",
        "url": "https://www.instagram.com/p/C4LPmGgIaVB/",
        "commentsCount": 1,
        "timestamp": "2024-03-06T14:11:32.000Z"
    },
    {
        "inputUrl": "https://www.instagram.com/culturactiva_coop",
        "url": "https://www.instagram.com/p/C4GE9w6tdSC/",
        "commentsCount": 0,
        "timestamp": "2024-03-04T14:02:24.000Z"
    },
    {
        "inputUrl": "https://www.instagram.com/culturactiva_coop",
        "url": "https://www.instagram.com/p/C4GPDLCNiGb/",
        "commentsCount": 0,
        "timestamp": "2024-03-04T15:30:32.000Z"
    },
    {
        "inputUrl": "https://www.instagram.com/culturactiva_coop",
        "url": "https://www.instagram.com/p/C3-TIMZs-GN/",
        "commentsCount": 0,
        "timestamp": "2024-03-01T13:32:12.000Z"
    },
    {
        "inputUrl": "https://www.instagram.com/culturactiva_coop",
        "url": "https://www.instagram.com/p/C3-yRd4tOQi/",
        "commentsCount": 0,
        "timestamp": "2024-03-01T18:04:23.000Z"
    },
    {
        "inputUrl": "https://www.instagram.com/culturactiva_coop",
        "url": "https://www.instagram.com/p/C38DEfTMJSB/",
        "commentsCount": 0,
        "timestamp": "2024-02-29T16:35:55.000Z"
    },
    {
        "inputUrl": "https://www.instagram.com/culturactiva_coop",
        "url": "https://www.instagram.com/p/C4AqHUbsWgs/",
        "commentsCount": 1,
        "timestamp": "2024-03-02T11:31:36.000Z"
    },
    {
        "inputUrl": "https://www.instagram.com/culturactiva_coop",
        "url": "https://www.instagram.com/p/C35gdbNth_5/",
        "commentsCount": 0,
        "timestamp": "2024-02-28T16:52:31.000Z"
    },
    {
        "inputUrl": "https://www.instagram.com/rincondedaniel_oradar",
        "url": "https://www.instagram.com/p/CzEwMkDsc1o/",
        "commentsCount": 1,
        "timestamp": "2023-10-31T19:08:07.000Z"
    },
    {
        "inputUrl": "https://www.instagram.com/rincondedaniel_oradar",
        "url": "https://www.instagram.com/p/CzRlGy7M0wO/",
        "commentsCount": 6,
        "timestamp": "2023-11-05T18:37:54.000Z"
    },
    {
        "inputUrl": "https://www.instagram.com/rincondedaniel_oradar",
        "url": "https://www.instagram.com/p/Cy56h4osp6q/",
        "commentsCount": 3,
        "timestamp": "2023-10-27T14:05:45.000Z"
    },
    {
        "inputUrl": "https://www.instagram.com/rincondedaniel_oradar",
        "url": "https://www.instagram.com/p/CyZMhMnMuK8/",
        "commentsCount": 1,
        "timestamp": "2023-10-14T21:05:48.000Z"
    },
    {
        "inputUrl": "https://www.instagram.com/rincondedaniel_oradar",
        "url": "https://www.instagram.com/p/CxRcOIitU_L/",
        "commentsCount": 1,
        "timestamp": "2023-09-17T00:17:38.000Z"
    },
    {
        "inputUrl": "https://www.instagram.com/rincondedaniel_oradar",
        "url": "https://www.instagram.com/p/CyAyUHBMz1V/",
        "commentsCount": 1,
        "timestamp": "2023-10-05T09:34:50.000Z"
    },
    {
        "inputUrl": "https://www.instagram.com/rincondedaniel_oradar",
        "url": "https://www.instagram.com/p/CxRQ10rMZHc/",
        "commentsCount": 0,
        "timestamp": "2023-09-16T22:38:10.000Z"
    },
    {
        "inputUrl": "https://www.instagram.com/festicultores",
        "url": "https://www.instagram.com/p/Cx05cCFNRlD/",
        "commentsCount": 26,
        "timestamp": "2023-09-30T18:51:03.000Z"
    },
    {
        "inputUrl": "https://www.instagram.com/festicultores",
        "url": "https://www.instagram.com/p/CyB0sJ2NRZN/",
        "commentsCount": 6,
        "timestamp": "2023-10-05T19:31:29.000Z"
    },
    {
        "inputUrl": "https://www.instagram.com/festicultores",
        "url": "https://www.instagram.com/p/CyHDk5kt8B9/",
        "commentsCount": 3,
        "timestamp": "2023-10-07T20:05:03.000Z"
    },
    {
        "inputUrl": "https://www.instagram.com/culturactiva_coop",
        "url": "https://www.instagram.com/p/C35WWL5q3P0/",
        "commentsCount": 11,
        "timestamp": "2024-02-28T15:24:08.000Z"
    },
    {
        "inputUrl": "https://www.instagram.com/rincondedaniel_oradar",
        "url": "https://www.instagram.com/p/CxRJBudMdgz/",
        "commentsCount": 0,
        "timestamp": "2023-09-16T21:30:12.000Z"
    },
    {
        "inputUrl": "https://www.instagram.com/festicultores",
        "url": "https://www.instagram.com/p/CxTdoDCtTQ9/",
        "commentsCount": 1,
        "timestamp": "2023-09-17T19:08:14.000Z"
    },
    {
        "inputUrl": "https://www.instagram.com/festicultores",
        "url": "https://www.instagram.com/p/CxLMO3yKZyT/",
        "commentsCount": 1,
        "timestamp": "2023-09-14T14:02:22.000Z"
    },
    {
        "inputUrl": "https://www.instagram.com/festicultores",
        "url": "https://www.instagram.com/p/CxX2cmxKKis/",
        "commentsCount": 0,
        "timestamp": "2023-09-19T12:02:10.000Z"
    },
    {
        "inputUrl": "https://www.instagram.com/festicultores",
        "url": "https://www.instagram.com/p/CyIrOONNPKR/",
        "commentsCount": 8,
        "timestamp": "2023-10-08T11:06:47.000Z"
    },
    {
        "inputUrl": "https://www.instagram.com/culturactiva_coop",
        "url": "https://www.instagram.com/p/C4Idp04N7si/",
        "commentsCount": 0,
        "timestamp": "2024-03-05T12:16:38.000Z"
    },
    {
        "inputUrl": "https://www.instagram.com/festicultores",
        "url": "https://www.instagram.com/p/Cw5fRNxrFN9/",
        "commentsCount": 4,
        "timestamp": "2023-09-07T17:02:24.000Z"
    },
    {
        "inputUrl": "https://www.instagram.com/festicultores",
        "url": "https://www.instagram.com/p/CxJQ4LMqJdJ/",
        "commentsCount": 0,
        "timestamp": "2023-09-13T20:04:31.000Z"
    },
    {
        "inputUrl": "https://www.instagram.com/festicultores",
        "url": "https://www.instagram.com/p/CxEBD3ktiEZ/",
        "commentsCount": 13,
        "timestamp": "2023-09-11T19:10:01.000Z"
    },
    {
        "inputUrl": "https://www.instagram.com/senora_dj",
        "url": "https://www.instagram.com/p/CwvIfeUswuS/",
        "commentsCount": 8,
        "timestamp": "2023-09-03T16:31:28.000Z"
    },
    {
        "inputUrl": "https://www.instagram.com/senora_dj",
        "url": "https://www.instagram.com/p/Cw0oeIAthN-/",
        "commentsCount": 10,
        "timestamp": "2023-09-05T19:46:32.000Z"
    },
    {
        "inputUrl": "https://www.instagram.com/festicultores",
        "url": "https://www.instagram.com/p/Cw-Tan6Nlpb/",
        "commentsCount": 5,
        "timestamp": "2023-09-09T13:57:10.000Z"
    },
    {
        "inputUrl": "https://www.instagram.com/rincondedaniel_oradar",
        "url": "https://www.instagram.com/p/CyrEYYEsoV5/",
        "commentsCount": 0,
        "timestamp": "2023-10-21T19:40:48.000Z"
    },
    {
        "inputUrl": "https://www.instagram.com/festicultores",
        "url": "https://www.instagram.com/p/Cw7nJrtNg2I/",
        "commentsCount": 9,
        "timestamp": "2023-09-08T12:49:41.000Z"
    },
    {
        "inputUrl": "https://www.instagram.com/rincondedaniel_oradar",
        "url": "https://www.instagram.com/p/Cy05B-rsEgP/",
        "commentsCount": 2,
        "timestamp": "2023-10-25T15:19:37.000Z"
    },
    {
        "inputUrl": "https://www.instagram.com/rincondedaniel_oradar",
        "url": "https://www.instagram.com/p/CySuWNUMIIC/",
        "commentsCount": 1,
        "timestamp": "2023-10-12T08:54:12.000Z"
    },
    {
        "inputUrl": "https://www.instagram.com/culturactiva_coop",
        "url": "https://www.instagram.com/p/C3sRQNTt9oj/",
        "commentsCount": 3,
        "timestamp": "2024-02-23T13:30:19.000Z"
    },
    {
        "inputUrl": "https://www.instagram.com/culturactiva_coop",
        "url": "https://www.instagram.com/p/C3kfVbFN9gO/",
        "commentsCount": 0,
        "timestamp": "2024-02-20T12:58:39.000Z"
    },
    {
        "inputUrl": "https://www.instagram.com/culturactiva_coop",
        "url": "https://www.instagram.com/p/C3ptYv4N4bd/",
        "commentsCount": 1,
        "timestamp": "2024-02-22T13:37:38.000Z"
    },
    {
        "inputUrl": "https://www.instagram.com/culturactiva_coop",
        "url": "https://www.instagram.com/p/C3h8BvCt7_c/",
        "commentsCount": 0,
        "timestamp": "2024-02-19T13:11:39.000Z"
    },
    {
        "inputUrl": "https://www.instagram.com/culturactiva_coop",
        "url": "https://www.instagram.com/p/C3X1b82Le--/",
        "commentsCount": 0,
        "timestamp": "2024-02-15T15:01:39.000Z"
    },
    {
        "inputUrl": "https://www.instagram.com/culturactiva_coop",
        "url": "https://www.instagram.com/p/C2uUJzCNmr4/",
        "commentsCount": 9,
        "timestamp": "2024-01-30T12:01:59.000Z"
    },
    {
        "inputUrl": "https://www.instagram.com/rincondedaniel_oradar",
        "url": "https://www.instagram.com/p/CxQ_CD8syHH/",
        "commentsCount": 1,
        "timestamp": "2023-09-16T20:03:00.000Z"
    },
    {
        "inputUrl": "https://www.instagram.com/rincondedaniel_oradar",
        "url": "https://www.instagram.com/p/CxQo3aaMcPN/",
        "commentsCount": 0,
        "timestamp": "2023-09-16T16:48:57.000Z"
    },
    {
        "inputUrl": "https://www.instagram.com/culturactiva_coop",
        "url": "https://www.instagram.com/p/C2uH_LrKF2v/",
        "commentsCount": 0,
        "timestamp": "2024-01-30T10:15:37.000Z"
    },
    {
        "inputUrl": "https://www.instagram.com/rincondedaniel_oradar",
        "url": "https://www.instagram.com/p/CxOyEk-N6zG/",
        "commentsCount": 0,
        "timestamp": "2023-09-15T23:30:54.000Z"
    },
    {
        "inputUrl": "https://www.instagram.com/rincondedaniel_oradar",
        "url": "https://www.instagram.com/p/CxQkJVxsDsr/",
        "commentsCount": 0,
        "timestamp": "2023-09-16T16:07:44.000Z"
    },
    {
        "inputUrl": "https://www.instagram.com/rincondedaniel_oradar",
        "url": "https://www.instagram.com/p/CxQzro-MmEq/",
        "commentsCount": 0,
        "timestamp": "2023-09-16T18:23:47.000Z"
    },
    {
        "inputUrl": "https://www.instagram.com/rincondedaniel_oradar",
        "url": "https://www.instagram.com/p/CxO3xG9t1q2/",
        "commentsCount": 0,
        "timestamp": "2023-09-16T00:20:39.000Z"
    },
    {
        "inputUrl": "https://www.instagram.com/rincondedaniel_oradar",
        "url": "https://www.instagram.com/p/CxOhMbiMjRL/",
        "commentsCount": 0,
        "timestamp": "2023-09-15T21:03:22.000Z"
    },
    {
        "inputUrl": "https://www.instagram.com/rincondedaniel_oradar",
        "url": "https://www.instagram.com/p/CxQ3P8ZMbsG/",
        "commentsCount": 0,
        "timestamp": "2023-09-16T18:54:38.000Z"
    },
    {
        "inputUrl": "https://www.instagram.com/rincondedaniel_oradar",
        "url": "https://www.instagram.com/p/CxQhNC9srIY/",
        "commentsCount": 0,
        "timestamp": "2023-09-16T15:42:19.000Z"
    },
    {
        "inputUrl": "https://www.instagram.com/festicultores",
        "url": "https://www.instagram.com/p/Cw3ImU4NlRa/",
        "commentsCount": 1,
        "timestamp": "2023-09-06T19:05:09.000Z"
    },
    {
        "inputUrl": "https://www.instagram.com/rincondedaniel_oradar",
        "url": "https://www.instagram.com/p/CxOrRaEsnuD/",
        "commentsCount": 0,
        "timestamp": "2023-09-15T22:31:30.000Z"
    },
    {
        "inputUrl": "https://www.instagram.com/festicultores",
        "url": "https://www.instagram.com/p/Cw0MgNptgPF/",
        "commentsCount": 11,
        "timestamp": "2023-09-05T15:42:09.000Z"
    },
    {
        "inputUrl": "https://www.instagram.com/festicultores",
        "url": "https://www.instagram.com/p/Cw0hzhjNc3q/",
        "commentsCount": 2,
        "timestamp": "2023-09-05T18:48:17.000Z"
    },
    {
        "inputUrl": "https://www.instagram.com/culturactiva_coop",
        "url": "https://www.instagram.com/p/C3z4bgANX23/",
        "commentsCount": 0,
        "timestamp": "2024-02-26T12:26:32.000Z"
    },
    {
        "inputUrl": "https://www.instagram.com/festicultores",
        "url": "https://www.instagram.com/p/CwqQdn4rVwP/",
        "commentsCount": 4,
        "timestamp": "2023-09-01T19:04:24.000Z"
    },
    {
        "inputUrl": "https://www.instagram.com/culturactiva_coop",
        "url": "https://www.instagram.com/p/C3SGCx3qu7U/",
        "commentsCount": 0,
        "timestamp": "2024-02-13T09:31:21.000Z"
    },
    {
        "inputUrl": "https://www.instagram.com/rincondedaniel_oradar",
        "url": "https://www.instagram.com/p/CyZDhRbMClT/",
        "commentsCount": 2,
        "timestamp": "2023-10-14T19:47:11.000Z"
    },
    {
        "inputUrl": "https://www.instagram.com/culturactiva_coop",
        "url": "https://www.instagram.com/p/C3Prm3uKSvC/",
        "commentsCount": 1,
        "timestamp": "2024-02-12T11:01:52.000Z"
    },
    {
        "inputUrl": "https://www.instagram.com/culturactiva_coop",
        "url": "https://www.instagram.com/p/C2xnmuWNCmx/",
        "commentsCount": 28,
        "timestamp": "2024-01-31T18:59:04.000Z"
    },
    {
        "inputUrl": "https://www.instagram.com/rincondedaniel_oradar",
        "url": "https://www.instagram.com/p/CxOSXulMI-F/",
        "commentsCount": 0,
        "timestamp": "2023-09-15T18:53:50.000Z"
    },
    {
        "inputUrl": "https://www.instagram.com/festicultores",
        "url": "https://www.instagram.com/p/Cw4hd7FqKAv/",
        "commentsCount": 1,
        "timestamp": "2023-09-07T08:02:23.000Z"
    },
    {
        "inputUrl": "https://www.instagram.com/culturactiva_coop",
        "url": "https://www.instagram.com/p/C2SMf93qsO7/",
        "commentsCount": 0,
        "timestamp": "2024-01-19T13:56:34.000Z"
    },
    {
        "inputUrl": "https://www.instagram.com/culturactiva_coop",
        "url": "https://www.instagram.com/p/C2KV5_2sO5t/",
        "commentsCount": 0,
        "timestamp": "2024-01-16T12:44:35.000Z"
    },
    {
        "inputUrl": "https://www.instagram.com/culturactiva_coop",
        "url": "https://www.instagram.com/p/C2r8Nx6Klqw/",
        "commentsCount": 4,
        "timestamp": "2024-01-29T13:54:20.000Z"
    },
    {
        "inputUrl": "https://www.instagram.com/culturactiva_coop",
        "url": "https://www.instagram.com/p/C2AGX24u9mu/",
        "commentsCount": 0,
        "timestamp": "2024-01-12T13:17:10.000Z"
    },
    {
        "inputUrl": "https://www.instagram.com/culturactiva_coop",
        "url": "https://www.instagram.com/p/C2AKM-hMnKS/",
        "commentsCount": 1,
        "timestamp": "2024-01-12T13:49:54.000Z"
    },
    {
        "inputUrl": "https://www.instagram.com/culturactiva_coop",
        "url": "https://www.instagram.com/p/C2H3OJfK57q/",
        "commentsCount": 1,
        "timestamp": "2024-01-15T13:38:03.000Z"
    },
    {
        "inputUrl": "https://www.instagram.com/culturactiva_coop",
        "url": "https://www.instagram.com/p/C2PnBG0MdrS/",
        "commentsCount": 0,
        "timestamp": "2024-01-18T13:50:18.000Z"
    },
    {
        "inputUrl": "https://www.instagram.com/rincondedaniel_oradar",
        "url": "https://www.instagram.com/p/CxOOkAUMnrn/",
        "commentsCount": 0,
        "timestamp": "2023-09-15T18:20:39.000Z"
    },
    {
        "inputUrl": "https://www.instagram.com/culturactiva_coop",
        "url": "https://www.instagram.com/p/C19lR76M46a/",
        "commentsCount": 6,
        "timestamp": "2024-01-11T13:48:47.000Z"
    },
    {
        "inputUrl": "https://www.instagram.com/culturactiva_coop",
        "url": "https://www.instagram.com/p/C22ClRstkhA/",
        "commentsCount": 4,
        "timestamp": "2024-02-02T12:02:22.000Z"
    },
    {
        "inputUrl": "https://www.instagram.com/culturactiva_coop",
        "url": "https://www.instagram.com/p/C3-B-Odtsef/",
        "commentsCount": 1,
        "timestamp": "2024-03-01T11:02:23.000Z"
    },
    {
        "inputUrl": "https://www.instagram.com/rincondedaniel_oradar",
        "url": "https://www.instagram.com/p/CxQtw_QsMUl/",
        "commentsCount": 0,
        "timestamp": "2023-09-16T17:31:43.000Z"
    },
    {
        "inputUrl": "https://www.instagram.com/culturactiva_coop",
        "url": "https://www.instagram.com/p/C2fhpPRsLn0/",
        "commentsCount": 28,
        "timestamp": "2024-01-24T18:11:12.000Z"
    },
    {
        "inputUrl": "https://www.instagram.com/culturactiva_coop",
        "url": "https://www.instagram.com/p/C2jy9CTKMNY/",
        "commentsCount": 12,
        "timestamp": "2024-01-26T09:59:25.000Z"
    },
    {
        "inputUrl": "https://www.instagram.com/culturactiva_coop",
        "url": "https://www.instagram.com/p/C2cEO8Vq1pm/",
        "commentsCount": 0,
        "timestamp": "2024-01-23T09:59:33.000Z"
    },
    {
        "inputUrl": "https://www.instagram.com/culturactiva_coop",
        "url": "https://www.instagram.com/p/C19oKWYM5SI/",
        "commentsCount": 12,
        "timestamp": "2024-01-11T14:14:46.000Z"
    },
    {
        "inputUrl": "https://www.instagram.com/aregueifaplataforma2.0",
        "url": "https://www.instagram.com/p/CxXYEIoLQUN/",
        "commentsCount": 3,
        "timestamp": "2023-09-19T07:36:36.000Z"
    },
    {
        "inputUrl": "https://www.instagram.com/rincondedaniel_oradar",
        "url": "https://www.instagram.com/p/CxOBEpLMWkF/",
        "commentsCount": 1,
        "timestamp": "2023-09-15T16:22:41.000Z"
    },
    {
        "inputUrl": "https://www.instagram.com/rincondedaniel_oradar",
        "url": "https://www.instagram.com/p/CxOHzuJMypw/",
        "commentsCount": 0,
        "timestamp": "2023-09-15T17:21:34.000Z"
    },
    {
        "inputUrl": "https://www.instagram.com/culturactiva_coop",
        "url": "https://www.instagram.com/p/C17RhPfMTk4/",
        "commentsCount": 2,
        "timestamp": "2024-01-10T16:17:38.000Z"
    },
    {
        "inputUrl": "https://www.instagram.com/culturactiva_coop",
        "url": "https://www.instagram.com/p/C1b6zWxqlJA/",
        "commentsCount": 11,
        "timestamp": "2023-12-29T12:02:45.000Z"
    },
    {
        "inputUrl": "https://www.instagram.com/culturactiva_coop",
        "url": "https://www.instagram.com/p/C1C3Pz-r9U9/",
        "commentsCount": 1,
        "timestamp": "2023-12-19T18:30:39.000Z"
    },
    {
        "inputUrl": "https://www.instagram.com/culturactiva_coop",
        "url": "https://www.instagram.com/p/C1EvibbqHh1/",
        "commentsCount": 9,
        "timestamp": "2023-12-20T12:01:48.000Z"
    },
    {
        "inputUrl": "https://www.instagram.com/culturactiva_coop",
        "url": "https://www.instagram.com/p/C1MCjv5Kauu/",
        "commentsCount": 0,
        "timestamp": "2023-12-23T08:02:41.000Z"
    },
    {
        "inputUrl": "https://www.instagram.com/culturactiva_coop",
        "url": "https://www.instagram.com/p/C17rQ1AMs78/",
        "commentsCount": 5,
        "timestamp": "2024-01-10T20:14:23.000Z"
    },
    {
        "inputUrl": "https://www.instagram.com/culturactiva_coop",
        "url": "https://www.instagram.com/p/C1WxoEsKt0w/",
        "commentsCount": 27,
        "timestamp": "2023-12-27T12:06:24.000Z"
    },
    {
        "inputUrl": "https://www.instagram.com/culturactiva_coop",
        "url": "https://www.instagram.com/p/C1COCc3KU59/",
        "commentsCount": 0,
        "timestamp": "2023-12-19T12:30:35.000Z"
    },
    {
        "inputUrl": "https://www.instagram.com/culturactiva_coop",
        "url": "https://www.instagram.com/p/C1CKvrZqscv/",
        "commentsCount": 14,
        "timestamp": "2023-12-19T12:01:48.000Z"
    },
    {
        "inputUrl": "https://www.instagram.com/culturactiva_coop",
        "url": "https://www.instagram.com/p/C1ZjXAmq5ss/",
        "commentsCount": 0,
        "timestamp": "2023-12-28T13:59:30.000Z"
    },
    {
        "inputUrl": "https://www.instagram.com/culturactiva_coop",
        "url": "https://www.instagram.com/p/C1m_iJfMT2f/",
        "commentsCount": 47,
        "timestamp": "2024-01-02T19:15:40.000Z"
    },
    {
        "inputUrl": "https://www.instagram.com/rincondedaniel_oradar",
        "url": "https://www.instagram.com/p/Cw_B0m8soUT/",
        "commentsCount": 0,
        "timestamp": "2023-09-09T20:40:41.000Z"
    },
    {
        "inputUrl": "https://www.instagram.com/culturactiva_coop",
        "url": "https://www.instagram.com/p/C1ANBwgqzQ8/",
        "commentsCount": 0,
        "timestamp": "2023-12-18T17:43:12.000Z"
    },
    {
        "inputUrl": "https://www.instagram.com/rincondedaniel_oradar",
        "url": "https://www.instagram.com/p/CxN-iHgMzj4/",
        "commentsCount": 0,
        "timestamp": "2023-09-15T16:00:33.000Z"
    },
    {
        "inputUrl": "https://www.instagram.com/culturactiva_coop",
        "url": "https://www.instagram.com/p/C0_mAlQK4ew/",
        "commentsCount": 2,
        "timestamp": "2023-12-18T12:02:19.000Z"
    },
    {
        "inputUrl": "https://www.instagram.com/culturactiva_coop",
        "url": "https://www.instagram.com/p/C01WGWQKtbM/",
        "commentsCount": 1,
        "timestamp": "2023-12-14T12:30:55.000Z"
    },
    {
        "inputUrl": "https://www.instagram.com/culturactiva_coop",
        "url": "https://www.instagram.com/p/C0yo1jkKchp/",
        "commentsCount": 4,
        "timestamp": "2023-12-13T11:16:56.000Z"
    },
    {
        "inputUrl": "https://www.instagram.com/culturactiva_coop",
        "url": "https://www.instagram.com/p/C04E_laIJ0a/",
        "commentsCount": 0,
        "timestamp": "2023-12-15T13:59:05.000Z"
    },
    {
        "inputUrl": "https://www.instagram.com/culturactiva_coop",
        "url": "https://www.instagram.com/p/C0lh9fzNx6P/",
        "commentsCount": 0,
        "timestamp": "2023-12-08T09:11:12.000Z"
    },
    {
        "inputUrl": "https://www.instagram.com/culturactiva_coop",
        "url": "https://www.instagram.com/p/C0ePDtsMMkZ/",
        "commentsCount": 0,
        "timestamp": "2023-12-05T13:07:41.000Z"
    },
    {
        "inputUrl": "https://www.instagram.com/culturactiva_coop",
        "url": "https://www.instagram.com/p/C0d7keEME7i/",
        "commentsCount": 1,
        "timestamp": "2023-12-05T10:16:28.000Z"
    },
    {
        "inputUrl": "https://www.instagram.com/culturactiva_coop",
        "url": "https://www.instagram.com/p/C0yuHR9qmrU/",
        "commentsCount": 8,
        "timestamp": "2023-12-13T12:03:01.000Z"
    },
    {
        "inputUrl": "https://www.instagram.com/culturactiva_coop",
        "url": "https://www.instagram.com/p/C02LyuMsRi_/",
        "commentsCount": 144,
        "timestamp": "2023-12-14T20:20:00.000Z"
    },
    {
        "inputUrl": "https://www.instagram.com/culturactiva_coop",
        "url": "https://www.instagram.com/p/C0bf1y5semx/",
        "commentsCount": 1,
        "timestamp": "2023-12-04T11:38:23.000Z"
    },
    {
        "inputUrl": "https://www.instagram.com/culturactiva_coop",
        "url": "https://www.instagram.com/p/C0yl1ZEqMSr/",
        "commentsCount": 1,
        "timestamp": "2023-12-13T10:50:36.000Z"
    },
    {
        "inputUrl": "https://www.instagram.com/culturactiva_coop",
        "url": "https://www.instagram.com/p/C1AB49dqMIJ/",
        "commentsCount": 5,
        "timestamp": "2023-12-18T16:05:52.000Z"
    },
    {
        "inputUrl": "https://www.instagram.com/culturactiva_coop",
        "url": "https://www.instagram.com/p/C0XY_OCsand/",
        "commentsCount": 0,
        "timestamp": "2023-12-02T21:19:04.000Z"
    },
    {
        "inputUrl": "https://www.instagram.com/culturactiva_coop",
        "url": "https://www.instagram.com/p/C0MKZV8snsm/",
        "commentsCount": 0,
        "timestamp": "2023-11-28T12:39:42.000Z"
    },
    {
        "inputUrl": "https://www.instagram.com/culturactiva_coop",
        "url": "https://www.instagram.com/p/C0T8gPBMe_Y/",
        "commentsCount": 0,
        "timestamp": "2023-12-01T13:14:11.000Z"
    },
    {
        "inputUrl": "https://www.instagram.com/culturactiva_coop",
        "url": "https://www.instagram.com/p/C0JdlwfMfk7/",
        "commentsCount": 0,
        "timestamp": "2023-11-27T11:29:41.000Z"
    },
    {
        "inputUrl": "https://www.instagram.com/culturactiva_coop",
        "url": "https://www.instagram.com/p/Cz_VoraK6Uf/",
        "commentsCount": 0,
        "timestamp": "2023-11-23T13:07:53.000Z"
    },
    {
        "inputUrl": "https://www.instagram.com/culturactiva_coop",
        "url": "https://www.instagram.com/p/Cz6Lc2zMGtI/",
        "commentsCount": 0,
        "timestamp": "2023-11-21T13:02:35.000Z"
    },
    {
        "inputUrl": "https://www.instagram.com/culturactiva_coop",
        "url": "https://www.instagram.com/p/C0MPMSRsruP/",
        "commentsCount": 16,
        "timestamp": "2023-11-28T13:25:25.000Z"
    },
    {
        "inputUrl": "https://www.instagram.com/culturactiva_coop",
        "url": "https://www.instagram.com/p/Czd84T2Kj2N/",
        "commentsCount": 0,
        "timestamp": "2023-11-10T13:59:13.000Z"
    },
    {
        "inputUrl": "https://www.instagram.com/culturactiva_coop",
        "url": "https://www.instagram.com/p/C0OpaEhCBre/",
        "commentsCount": 0,
        "timestamp": "2023-11-29T11:49:10.000Z"
    },
    {
        "inputUrl": "https://www.instagram.com/culturactiva_coop",
        "url": "https://www.instagram.com/p/C0MIzc4sEDS/",
        "commentsCount": 28,
        "timestamp": "2023-11-28T12:25:47.000Z"
    },
    {
        "inputUrl": "https://www.instagram.com/culturactiva_coop",
        "url": "https://www.instagram.com/p/C0T2aoHMrUy/",
        "commentsCount": 2,
        "timestamp": "2023-12-01T12:23:11.000Z"
    },
    {
        "inputUrl": "https://www.instagram.com/culturactiva_coop",
        "url": "https://www.instagram.com/p/CzbS7hUqhN_/",
        "commentsCount": 0,
        "timestamp": "2023-11-09T13:11:33.000Z"
    },
    {
        "inputUrl": "https://www.instagram.com/culturactiva_coop",
        "url": "https://www.instagram.com/p/CzbUwjwMw_B/",
        "commentsCount": 0,
        "timestamp": "2023-11-09T13:27:27.000Z"
    },
    {
        "inputUrl": "https://www.instagram.com/culturactiva_coop",
        "url": "https://www.instagram.com/p/CzW8EArMuf5/",
        "commentsCount": 0,
        "timestamp": "2023-11-07T20:38:10.000Z"
    },
    {
        "inputUrl": "https://www.instagram.com/culturactiva_coop",
        "url": "https://www.instagram.com/p/CzbFThAK7Rk/",
        "commentsCount": 3,
        "timestamp": "2023-11-09T11:12:30.000Z"
    },
    {
        "inputUrl": "https://www.instagram.com/culturactiva_coop",
        "url": "https://www.instagram.com/p/CzbMa7OqUjj/",
        "commentsCount": 0,
        "timestamp": "2023-11-09T12:14:41.000Z"
    },
    {
        "inputUrl": "https://www.instagram.com/culturactiva_coop",
        "url": "https://www.instagram.com/p/CzJB6LmqglE/",
        "commentsCount": 1,
        "timestamp": "2023-11-02T10:56:29.000Z"
    },
    {
        "inputUrl": "https://www.instagram.com/culturactiva_coop",
        "url": "https://www.instagram.com/p/CzbXvoUqFWW/",
        "commentsCount": 11,
        "timestamp": "2023-11-09T13:56:31.000Z"
    },
    {
        "inputUrl": "https://www.instagram.com/culturactiva_coop",
        "url": "https://www.instagram.com/p/CzYtLdtqdiB/",
        "commentsCount": 0,
        "timestamp": "2023-11-08T13:06:12.000Z"
    },
    {
        "inputUrl": "https://www.instagram.com/culturactiva_coop",
        "url": "https://www.instagram.com/p/CzQywIBqzXk/",
        "commentsCount": 9,
        "timestamp": "2023-11-05T11:21:49.000Z"
    },
    {
        "inputUrl": "https://www.instagram.com/culturactiva_coop",
        "url": "https://www.instagram.com/p/CzV93BHKDto/",
        "commentsCount": 3,
        "timestamp": "2023-11-07T11:35:11.000Z"
    },
    {
        "inputUrl": "https://www.instagram.com/culturactiva_coop",
        "url": "https://www.instagram.com/p/CzTfry-qO2T/",
        "commentsCount": 1,
        "timestamp": "2023-11-06T13:01:20.000Z"
    },
    {
        "inputUrl": "https://www.instagram.com/culturactiva_coop",
        "url": "https://www.instagram.com/p/CzJZP0KqxuX/",
        "commentsCount": 9,
        "timestamp": "2023-11-02T14:20:21.000Z"
    },
    {
        "inputUrl": "https://www.instagram.com/culturactiva_coop",
        "url": "https://www.instagram.com/p/CzD9PdIq9EX/",
        "commentsCount": 0,
        "timestamp": "2023-10-31T11:39:31.000Z"
    },
    {
        "inputUrl": "https://www.instagram.com/culturactiva_coop",
        "url": "https://www.instagram.com/p/CzDzn8yKQqF/",
        "commentsCount": 0,
        "timestamp": "2023-10-31T10:15:29.000Z"
    },
    {
        "inputUrl": "https://www.instagram.com/culturactiva_coop",
        "url": "https://www.instagram.com/p/Cyn8SAYKSMn/",
        "commentsCount": 0,
        "timestamp": "2023-10-20T14:32:24.000Z"
    },
    {
        "inputUrl": "https://www.instagram.com/culturactiva_coop",
        "url": "https://www.instagram.com/p/CyD_N8rqKg2/",
        "commentsCount": 1,
        "timestamp": "2023-10-06T15:25:21.000Z"
    },
    {
        "inputUrl": "https://www.instagram.com/culturactiva_coop",
        "url": "https://www.instagram.com/p/Cy5mn8PMP1C/",
        "commentsCount": 0,
        "timestamp": "2023-10-27T11:09:23.000Z"
    },
    {
        "inputUrl": "https://www.instagram.com/culturactiva_coop",
        "url": "https://www.instagram.com/p/CyGAsHjqhcO/",
        "commentsCount": 0,
        "timestamp": "2023-10-07T10:16:42.000Z"
    },
    {
        "inputUrl": "https://www.instagram.com/culturactiva_coop",
        "url": "https://www.instagram.com/p/CyBAtMYKQz6/",
        "commentsCount": 0,
        "timestamp": "2023-10-05T11:40:38.000Z"
    },
    {
        "inputUrl": "https://www.instagram.com/culturactiva_coop",
        "url": "https://www.instagram.com/p/Cy5vGQGKDko/",
        "commentsCount": 4,
        "timestamp": "2023-10-27T12:23:31.000Z"
    },
    {
        "inputUrl": "https://www.instagram.com/culturactiva_coop",
        "url": "https://www.instagram.com/p/Cx_MZkHrOQG/",
        "commentsCount": 0,
        "timestamp": "2023-10-04T18:44:20.000Z"
    },
    {
        "inputUrl": "https://www.instagram.com/culturactiva_coop",
        "url": "https://www.instagram.com/p/CyIfNzBKZrX/",
        "commentsCount": 1,
        "timestamp": "2023-10-08T09:21:56.000Z"
    },
    {
        "inputUrl": "https://www.instagram.com/culturactiva_coop",
        "url": "https://www.instagram.com/p/Cx-cko9McZA/",
        "commentsCount": 2,
        "timestamp": "2023-10-04T11:47:57.000Z"
    },
    {
        "inputUrl": "https://www.instagram.com/culturactiva_coop",
        "url": "https://www.instagram.com/p/CyLU7HXqWHO/",
        "commentsCount": 1,
        "timestamp": "2023-10-09T11:49:43.000Z"
    },
    {
        "inputUrl": "https://www.instagram.com/culturactiva_coop",
        "url": "https://www.instagram.com/p/C0RW89LMsaY/",
        "commentsCount": 3,
        "timestamp": "2023-11-30T13:11:35.000Z"
    },
    {
        "inputUrl": "https://www.instagram.com/culturactiva_coop",
        "url": "https://www.instagram.com/p/CxtQIUHLjNO/",
        "commentsCount": 0,
        "timestamp": "2023-09-27T19:30:35.000Z"
    },
    {
        "inputUrl": "https://www.instagram.com/culturactiva_coop",
        "url": "https://www.instagram.com/p/Cxh9Ew8samc/",
        "commentsCount": 11,
        "timestamp": "2023-09-23T10:15:20.000Z"
    },
    {
        "inputUrl": "https://www.instagram.com/culturactiva_coop",
        "url": "https://www.instagram.com/p/Cxs_JC8ruYQ/",
        "commentsCount": 1,
        "timestamp": "2023-09-27T17:02:23.000Z"
    },
    {
        "inputUrl": "https://www.instagram.com/culturactiva_coop",
        "url": "https://www.instagram.com/p/Cx8dANgrIjc/",
        "commentsCount": 1,
        "timestamp": "2023-10-03T17:11:41.000Z"
    },
    {
        "inputUrl": "https://www.instagram.com/culturactiva_coop",
        "url": "https://www.instagram.com/p/CxcwCtwMhIx/",
        "commentsCount": 2,
        "timestamp": "2023-09-21T09:42:19.000Z"
    },
    {
        "inputUrl": "https://www.instagram.com/culturactiva_coop",
        "url": "https://www.instagram.com/p/CxyWa39LbLh/",
        "commentsCount": 0,
        "timestamp": "2023-09-29T19:01:45.000Z"
    },
    {
        "inputUrl": "https://www.instagram.com/culturactiva_coop",
        "url": "https://www.instagram.com/p/CxIR4AKsdH6/",
        "commentsCount": 2,
        "timestamp": "2023-09-13T10:53:54.000Z"
    },
    {
        "inputUrl": "https://www.instagram.com/culturactiva_coop",
        "url": "https://www.instagram.com/p/Cxp_XRUqy5g/",
        "commentsCount": 0,
        "timestamp": "2023-09-26T13:06:22.000Z"
    },
    {
        "inputUrl": "https://www.instagram.com/culturactiva_coop",
        "url": "https://www.instagram.com/p/Cxdbk3cqCGT/",
        "commentsCount": 0,
        "timestamp": "2023-09-21T16:02:47.000Z"
    },
    {
        "inputUrl": "https://www.instagram.com/culturactiva_coop",
        "url": "https://www.instagram.com/p/Cxfe8V9sp9Q/",
        "commentsCount": 0,
        "timestamp": "2023-09-22T11:16:23.000Z"
    },
    {
        "inputUrl": "https://www.instagram.com/culturactiva_coop",
        "url": "https://www.instagram.com/p/CxdwFBNrUY3/",
        "commentsCount": 0,
        "timestamp": "2023-09-21T19:01:54.000Z"
    },
    {
        "inputUrl": "https://www.instagram.com/culturactiva_coop",
        "url": "https://www.instagram.com/p/Cxc33B5sU-5/",
        "commentsCount": 0,
        "timestamp": "2023-09-21T10:50:38.000Z"
    },
    {
        "inputUrl": "https://www.instagram.com/culturactiva_coop",
        "url": "https://www.instagram.com/p/Cw4oU0iqNvD/",
        "commentsCount": 0,
        "timestamp": "2023-09-07T09:02:17.000Z"
    },
    {
        "inputUrl": "https://www.instagram.com/culturactiva_coop",
        "url": "https://www.instagram.com/p/CwxRwk2KmV-/",
        "commentsCount": 0,
        "timestamp": "2023-09-04T12:30:24.000Z"
    },
    {
        "inputUrl": "https://www.instagram.com/culturactiva_coop",
        "url": "https://www.instagram.com/p/CxGQvFDKQJR/",
        "commentsCount": 0,
        "timestamp": "2023-09-12T16:05:32.000Z"
    },
    {
        "inputUrl": "https://www.instagram.com/culturactiva_coop",
        "url": "https://www.instagram.com/p/Cwr3eAxqDKg/",
        "commentsCount": 0,
        "timestamp": "2023-09-02T10:04:30.000Z"
    },
    {
        "inputUrl": "https://www.instagram.com/culturactiva_coop",
        "url": "https://www.instagram.com/p/Cwp4FKXKgv5/",
        "commentsCount": 5,
        "timestamp": "2023-09-01T15:31:21.000Z"
    },
    {
        "inputUrl": "https://www.instagram.com/culturactiva_coop",
        "url": "https://www.instagram.com/p/Cw48_eiKoAq/",
        "commentsCount": 0,
        "timestamp": "2023-09-07T12:02:52.000Z"
    },
    {
        "inputUrl": "https://www.instagram.com/culturactiva_coop",
        "url": "https://www.instagram.com/p/CxFzaz8qPjz/",
        "commentsCount": 1,
        "timestamp": "2023-09-12T11:49:22.000Z"
    }
]